make: Entering directory '/workspaces/lj-lockless/src'
rm -f luajit libluajit.a libluajit.so host/minilua host/buildvm lj_vm.S lj_bcdef.h lj_ffdef.h lj_libdef.h lj_recdef.h lj_folddef.h host/buildvm_arch.h luajit.h luajit_relver.txt jit/vmdef.lua *.o host/*.o *.obj *.lib *.exp *.dll *.exe *.manifest *.pdb *.ilk
make: Leaving directory '/workspaces/lj-lockless/src'
make: Entering directory '/workspaces/lj-lockless/src'
HOSTCC    host/minilua.o
HOSTCC    host/buildvm_asm.o
HOSTCC    host/buildvm_peobj.o
HOSTCC    host/buildvm_lib.o
HOSTCC    host/buildvm_fold.o
HOSTLINK  host/minilua
VERSION   luajit.h
DYNASM    host/buildvm_arch.h
CC        luajit.o
HOSTCC    host/buildvm.o
HOSTLINK  host/buildvm
BUILDVM   lj_vm.S
BUILDVM   lj_bcdef.h
BUILDVM   lj_ffdef.h
BUILDVM   lj_libdef.h
BUILDVM   lj_recdef.h
BUILDVM   lj_folddef.h
BUILDVM   jit/vmdef.lua
ASM       lj_vm.o
CC        lj_assert.o
CC        lj_gc.o
CC        lj_gc2.o
CC        lj_safepoint.o
CC        lj_err.o
CC        lj_char.o
CC        lj_bc.o
CC        lj_obj.o
CC        lj_buf.o
CC        lj_str.o
CC        lj_tab.o
CC        lj_func.o
CC        lj_udata.o
CC        lj_meta.o
CC        lj_debug.o
CC        lj_prng.o
CC        lj_state.o
CC        lj_dispatch.o
CC        lj_tg.o
CC        lj_thr.o
CC        lj_chan.o
CC        lj_arena.o
CC        lj_vmevent.o
CC        lj_vmmath.o
CC        lj_strscan.o
CC        lj_strfmt.o
CC        lj_strfmt_num.o
CC        lj_serialize.o
CC        lj_api.o
CC        lj_profile.o
CC        lj_lex.o
CC        lj_parse.o
CC        lj_bcread.o
CC        lj_bcwrite.o
CC        lj_load.o
CC        lj_ir.o
CC        lj_opt_mem.o
CC        lj_opt_fold.o
CC        lj_opt_narrow.o
CC        lj_opt_dce.o
CC        lj_opt_loop.o
CC        lj_opt_split.o
CC        lj_opt_sink.o
CC        lj_mcode.o
CC        lj_snap.o
CC        lj_record.o
CC        lj_crecord.o
CC        lj_ffrecord.o
CC        lj_asm.o
CC        lj_trace.o
CC        lj_gdbjit.o
CC        lj_ctype.o
CC        lj_cdata.o
CC        lj_cconv.o
CC        lj_ccall.o
CC        lj_ccallback.o
CC        lj_carith.o
CC        lj_clib.o
CC        lj_cparse.o
CC        lj_lib.o
CC        lj_alloc.o
CC        lib_aux.o
CC        lib_base.o
CC        lib_math.o
CC        lib_bit.o
CC        lib_string.o
CC        lib_table.o
CC        lib_io.o
CC        lib_os.o
CC        lib_package.o
CC        lib_debug.o
CC        lib_jit.o
CC        lib_ffi.o
CC        lib_buffer.o
CC        lib_threading.o
CC        lib_init.o
DYNASM    lj_vm_dyn.o
DYNCC     lj_assert_dyn.o
DYNCC     lj_gc_dyn.o
DYNCC     lj_gc2_dyn.o
DYNCC     lj_safepoint_dyn.o
DYNCC     lj_err_dyn.o
DYNCC     lj_char_dyn.o
DYNCC     lj_bc_dyn.o
DYNCC     lj_obj_dyn.o
DYNCC     lj_buf_dyn.o
DYNCC     lj_str_dyn.o
DYNCC     lj_tab_dyn.o
DYNCC     lj_func_dyn.o
DYNCC     lj_udata_dyn.o
DYNCC     lj_meta_dyn.o
DYNCC     lj_debug_dyn.o
DYNCC     lj_prng_dyn.o
DYNCC     lj_state_dyn.o
DYNCC     lj_dispatch_dyn.o
DYNCC     lj_tg_dyn.o
DYNCC     lj_thr_dyn.o
DYNCC     lj_chan_dyn.o
DYNCC     lj_arena_dyn.o
DYNCC     lj_vmevent_dyn.o
DYNCC     lj_vmmath_dyn.o
DYNCC     lj_strscan_dyn.o
DYNCC     lj_strfmt_dyn.o
DYNCC     lj_strfmt_num_dyn.o
DYNCC     lj_serialize_dyn.o
DYNCC     lj_api_dyn.o
DYNCC     lj_profile_dyn.o
DYNCC     lj_lex_dyn.o
DYNCC     lj_parse_dyn.o
DYNCC     lj_bcread_dyn.o
DYNCC     lj_bcwrite_dyn.o
DYNCC     lj_load_dyn.o
DYNCC     lj_ir_dyn.o
DYNCC     lj_opt_mem_dyn.o
DYNCC     lj_opt_fold_dyn.o
DYNCC     lj_opt_narrow_dyn.o
DYNCC     lj_opt_dce_dyn.o
DYNCC     lj_opt_loop_dyn.o
DYNCC     lj_opt_split_dyn.o
DYNCC     lj_opt_sink_dyn.o
DYNCC     lj_mcode_dyn.o
DYNCC     lj_snap_dyn.o
DYNCC     lj_record_dyn.o
DYNCC     lj_crecord_dyn.o
DYNCC     lj_ffrecord_dyn.o
DYNCC     lj_asm_dyn.o
DYNCC     lj_trace_dyn.o
DYNCC     lj_gdbjit_dyn.o
DYNCC     lj_ctype_dyn.o
DYNCC     lj_cdata_dyn.o
DYNCC     lj_cconv_dyn.o
DYNCC     lj_ccall_dyn.o
DYNCC     lj_ccallback_dyn.o
DYNCC     lj_carith_dyn.o
DYNCC     lj_clib_dyn.o
DYNCC     lj_cparse_dyn.o
DYNCC     lj_lib_dyn.o
DYNCC     lj_alloc_dyn.o
DYNCC     lib_aux_dyn.o
DYNCC     lib_base_dyn.o
DYNCC     lib_math_dyn.o
DYNCC     lib_bit_dyn.o
DYNCC     lib_string_dyn.o
DYNCC     lib_table_dyn.o
DYNCC     lib_io_dyn.o
DYNCC     lib_os_dyn.o
DYNCC     lib_package_dyn.o
DYNCC     lib_debug_dyn.o
DYNCC     lib_jit_dyn.o
DYNCC     lib_ffi_dyn.o
DYNCC     lib_buffer_dyn.o
DYNCC     lib_threading_dyn.o
DYNCC     lib_init_dyn.o
AR        libluajit.a
DYNLINK   libluajit.so
LINK      luajit
OK        Successfully built LuaJIT
make: Leaving directory '/workspaces/lj-lockless/src'
t-func-construction-anchor OK
STATE birth phase=0 cycle=0 deferred=0 owner_runs=0 arenas=0 ptr=0x7f1d57350000 cell=2194 block=1 root=1 life=2 ready=0 mark=0 flags=9 cursor=0 late=0 retire=0 quarantine=(nil) owned=0x7f1d57350000
STATE nested-return phase=3 cycle=1 deferred=1 owner_runs=2 arenas=0 ptr=0x7f1d57350000 cell=2194 block=1 root=1 life=2 ready=0 mark=1 flags=25 cursor=2214 late=0 retire=9 quarantine=0x7f1d57350000 owned=(nil)
COLLECT result=0 elapsed_ns=321018 defer_delta=1
STATE published phase=3 cycle=1 deferred=1 owner_runs=2 arenas=0 ptr=0x7f1d57350000 cell=2194 block=1 root=3 life=1 ready=1 mark=1 flags=25 cursor=2214 late=0 retire=9 quarantine=0x7f1d57350000 owned=(nil)
TERMINAL result=1 elapsed_ns=339056 phase=0 quarantine=(nil)
t-owner-defer OK
STATE birth phase=0 cycle=0 deferred=0 owner_runs=0 arenas=0 ptr=0x7fa822060000 cell=2194 block=1 root=1 life=2 ready=0 mark=0 flags=9 cursor=0 late=0 retire=0 quarantine=(nil) owned=0x7fa822060000
STATE nested-return phase=3 cycle=1 deferred=1 owner_runs=2 arenas=0 ptr=0x7fa822060000 cell=2194 block=1 root=1 life=2 ready=0 mark=1 flags=25 cursor=2214 late=0 retire=9 quarantine=0x7fa822060000 owned=(nil)
COLLECT result=0 elapsed_ns=267359 defer_delta=1
STATE cancelled phase=3 cycle=1 deferred=1 owner_runs=2 arenas=0 ptr=0x7fa822060000 cell=2194 block=1 root=0 life=1 ready=0 mark=1 flags=25 cursor=2214 late=1 retire=18446744073709551615 quarantine=0x7fa822060000 owned=(nil)
TERMINAL result=1 elapsed_ns=330506 phase=0 quarantine=(nil)
t-owner-defer OK
STATE birth phase=0 cycle=0 deferred=0 owner_runs=0 arenas=0 ptr=0x7f6cc5ff0000 cell=2194 block=1 root=1 life=2 ready=0 mark=0 flags=9 cursor=0 late=0 retire=0 quarantine=(nil) owned=0x7f6cc5ff0000
STATE automatic-entry phase=3 cycle=1 deferred=0 owner_runs=0 arenas=0 ptr=0x7f6cc5ff0000 cell=2194 block=1 root=1 life=2 ready=0 mark=0 flags=9 cursor=0 late=0 retire=0 quarantine=(nil) owned=0x7f6cc5ff0000
STATE nested-return phase=3 cycle=1 deferred=1 owner_runs=2 arenas=0 ptr=0x7f6cc5ff0000 cell=2194 block=1 root=1 life=2 ready=0 mark=1 flags=25 cursor=2214 late=0 retire=9 quarantine=0x7f6cc5ff0000 owned=(nil)
COLLECT result=-1 elapsed_ns=74420 defer_delta=1
STATE published phase=3 cycle=1 deferred=1 owner_runs=2 arenas=0 ptr=0x7f6cc5ff0000 cell=2194 block=1 root=3 life=1 ready=1 mark=1 flags=25 cursor=2214 late=0 retire=9 quarantine=0x7f6cc5ff0000 owned=(nil)
TERMINAL result=1 elapsed_ns=329485 phase=0 quarantine=(nil)
t-owner-defer OK
TAIL fillers=1159 cell=4093 cells=4096 size=48
STATE peer-birth phase=0 cycle=0 deferred=0 owner_runs=0 arenas=0 ptr=0x7f9ba1810000 cell=4093 block=1 root=1 life=2 ready=0 mark=0 flags=9 cursor=0 late=0 retire=0 quarantine=(nil) owned=0x7f9ba17d0000
STATE peer-after-collect phase=3 cycle=1 deferred=1 owner_runs=4 arenas=0 ptr=0x7f9ba1810000 cell=4093 block=1 root=1 life=2 ready=0 mark=1 flags=25 cursor=616 late=0 retire=19 quarantine=0x7f9ba1810000 owned=(nil)
MIXED initial result=0 ns=545701 cycle=1 old_epoch=0 eligible=0x7f9ba2130000 epoch=0 flags=25 main_quarantine=0x7f9ba2130000 main_needsweep=(nil)
MIXED held workers=0 objects=1 ns=807058 events=64 parks=0 runs=65 eligible_done=1 epoch=1 cycle=1 phase=3
STATE peer-before-release phase=3 cycle=1 deferred=65 owner_runs=69 arenas=1 ptr=0x7f9ba1810000 cell=4093 block=1 root=1 life=2 ready=0 mark=1 flags=25 cursor=616 late=0 retire=19 quarantine=0x7f9ba1810000 owned=(nil)
MIXED released result=1 phase=0 peer_quarantine=(nil) eligible_epoch=2
t-mixed-owner OK
TAIL fillers=1159 cell=4093 cells=4096 size=48
STATE peer-birth phase=0 cycle=0 deferred=0 owner_runs=0 arenas=0 ptr=0x7fa54b170000 cell=4093 block=1 root=1 life=2 ready=0 mark=0 flags=9 cursor=0 late=0 retire=0 quarantine=(nil) owned=0x7fa54b130000
STATE peer-after-collect phase=3 cycle=1 deferred=1 owner_runs=4 arenas=0 ptr=0x7fa54b170000 cell=4093 block=1 root=1 life=2 ready=0 mark=1 flags=25 cursor=616 late=0 retire=19 quarantine=0x7fa54b170000 owned=(nil)
MIXED initial result=0 ns=519893 cycle=1 old_epoch=0 eligible=0x7fa54ba90000 epoch=0 flags=25 main_quarantine=0x7fa54ba90000 main_needsweep=(nil)
MIXED held workers=2 objects=1 ns=157893245 events=237 parks=243 runs=237 eligible_done=1 epoch=1 cycle=1 phase=3
STATE peer-before-release phase=3 cycle=1 deferred=239 owner_runs=243 arenas=1 ptr=0x7fa54b170000 cell=4093 block=1 root=1 life=2 ready=0 mark=1 flags=25 cursor=616 late=0 retire=19 quarantine=0x7fa54b170000 owned=(nil)
MIXED released result=1 phase=0 peer_quarantine=(nil) eligible_epoch=2
t-mixed-owner OK
TAIL tid=2 fillers=1159 cell=4093 cells=4096 size=48
INITIAL result=0 ns=550166 count=1 quota=1 workers=0 cycle=1 main_tid=1 hint=2 eligible_epoch=0 cursor=1318
STATE initial-blocker phase=3 cycle=1 deferred=1 owner_runs=4 arenas=0 ptr=0x7ff8622a0000 cell=4093 block=1 root=1 life=2 ready=0 mark=1 flags=25 cursor=616 late=0 retire=19 quarantine=0x7ff8622a0000 owned=(nil)
TURN call=1 quota=1 hint=2->1 work=1 owners=1 owner_calls=1 event=0 main_cursor=1318->1318 main_epoch=0->0 phase=3
TURN call=2 quota=1 hint=1->2 work=1 owners=1 owner_calls=2 event=0 main_cursor=1318->1382 main_epoch=0->0 phase=3
TURN call=3 quota=1 hint=2->2 work=1 owners=1 owner_calls=3 event=1 main_cursor=1382->1446 main_epoch=0->0 phase=3
TURN call=4 quota=1 hint=2->1 work=1 owners=1 owner_calls=4 event=0 main_cursor=1446->1446 main_epoch=0->0 phase=3
TURN call=5 quota=1 hint=1->2 work=1 owners=1 owner_calls=5 event=0 main_cursor=1446->1510 main_epoch=0->0 phase=3
TURN call=6 quota=1 hint=2->2 work=1 owners=1 owner_calls=6 event=1 main_cursor=1510->1574 main_epoch=0->0 phase=3
TURN call=7 quota=1 hint=2->1 work=1 owners=1 owner_calls=7 event=0 main_cursor=1574->1574 main_epoch=0->0 phase=3
TURN call=8 quota=1 hint=1->2 work=1 owners=1 owner_calls=8 event=0 main_cursor=1574->1638 main_epoch=0->0 phase=3
TURN call=9 quota=1 hint=2->2 work=1 owners=1 owner_calls=9 event=1 main_cursor=1638->1702 main_epoch=0->0 phase=3
TURN call=10 quota=1 hint=2->1 work=1 owners=1 owner_calls=10 event=0 main_cursor=1702->1702 main_epoch=0->0 phase=3
TURN call=11 quota=1 hint=1->2 work=1 owners=1 owner_calls=11 event=0 main_cursor=1702->1766 main_epoch=0->0 phase=3
TURN call=12 quota=1 hint=2->2 work=1 owners=1 owner_calls=12 event=1 main_cursor=1766->1830 main_epoch=0->0 phase=3
TURN call=13 quota=1 hint=2->1 work=1 owners=1 owner_calls=13 event=0 main_cursor=1830->1830 main_epoch=0->0 phase=3
TURN call=14 quota=1 hint=1->2 work=1 owners=1 owner_calls=14 event=0 main_cursor=1830->1894 main_epoch=0->0 phase=3
TURN call=15 quota=1 hint=2->2 work=1 owners=1 owner_calls=15 event=1 main_cursor=1894->1958 main_epoch=0->0 phase=3
TURN call=16 quota=1 hint=2->1 work=1 owners=1 owner_calls=16 event=0 main_cursor=1958->1958 main_epoch=0->0 phase=3
TURN call=17 quota=1 hint=1->2 work=1 owners=1 owner_calls=17 event=0 main_cursor=1958->2022 main_epoch=0->0 phase=3
TURN call=18 quota=1 hint=2->2 work=1 owners=1 owner_calls=18 event=1 main_cursor=2022->2086 main_epoch=0->0 phase=3
TURN call=19 quota=1 hint=2->1 work=1 owners=1 owner_calls=19 event=0 main_cursor=2086->2086 main_epoch=0->0 phase=3
TURN call=20 quota=1 hint=1->2 work=1 owners=1 owner_calls=20 event=0 main_cursor=2086->2150 main_epoch=0->0 phase=3
TURN call=21 quota=1 hint=2->2 work=1 owners=1 owner_calls=21 event=1 main_cursor=2150->2214 main_epoch=0->0 phase=3
TURN call=22 quota=1 hint=2->1 work=1 owners=1 owner_calls=22 event=0 main_cursor=2214->2214 main_epoch=0->0 phase=3
TURN call=23 quota=1 hint=1->2 work=1 owners=1 owner_calls=23 event=0 main_cursor=2214->2278 main_epoch=0->0 phase=3
TURN call=24 quota=1 hint=2->2 work=1 owners=1 owner_calls=24 event=1 main_cursor=2278->2342 main_epoch=0->0 phase=3
TURN call=25 quota=1 hint=2->1 work=1 owners=1 owner_calls=25 event=0 main_cursor=2342->2342 main_epoch=0->0 phase=3
TURN call=26 quota=1 hint=1->2 work=1 owners=1 owner_calls=26 event=0 main_cursor=2342->616 main_epoch=0->0 phase=3
TURN call=27 quota=1 hint=2->2 work=1 owners=1 owner_calls=27 event=1 main_cursor=616->806 main_epoch=0->0 phase=3
TURN call=28 quota=1 hint=2->1 work=1 owners=1 owner_calls=28 event=0 main_cursor=806->806 main_epoch=0->0 phase=3
TURN call=29 quota=1 hint=1->2 work=1 owners=1 owner_calls=29 event=0 main_cursor=806->870 main_epoch=0->0 phase=3
TURN call=30 quota=1 hint=2->2 work=1 owners=1 owner_calls=30 event=1 main_cursor=870->934 main_epoch=0->0 phase=3
TURN call=31 quota=1 hint=2->1 work=1 owners=1 owner_calls=31 event=0 main_cursor=934->934 main_epoch=0->0 phase=3
TURN call=32 quota=1 hint=1->2 work=1 owners=1 owner_calls=32 event=0 main_cursor=934->998 main_epoch=0->0 phase=3
TURN call=33 quota=1 hint=2->2 work=1 owners=1 owner_calls=33 event=1 main_cursor=998->1062 main_epoch=0->0 phase=3
TURN call=34 quota=1 hint=2->1 work=1 owners=1 owner_calls=34 event=0 main_cursor=1062->1062 main_epoch=0->0 phase=3
TURN call=35 quota=1 hint=1->2 work=1 owners=1 owner_calls=35 event=0 main_cursor=1062->1126 main_epoch=0->0 phase=3
TURN call=36 quota=1 hint=2->2 work=1 owners=1 owner_calls=36 event=1 main_cursor=1126->1190 main_epoch=0->0 phase=3
TURN call=37 quota=1 hint=2->1 work=1 owners=1 owner_calls=37 event=0 main_cursor=1190->1190 main_epoch=0->0 phase=3
TURN call=38 quota=1 hint=1->2 work=1 owners=1 owner_calls=38 event=0 main_cursor=1190->1254 main_epoch=0->0 phase=3
TURN call=39 quota=1 hint=2->2 work=1 owners=1 owner_calls=39 event=1 main_cursor=1254->1318 main_epoch=0->0 phase=3
TURN call=40 quota=1 hint=2->1 work=1 owners=1 owner_calls=40 event=0 main_cursor=1318->1318 main_epoch=0->0 phase=3
TURN call=41 quota=1 hint=1->2 work=1 owners=1 owner_calls=41 event=0 main_cursor=1318->1382 main_epoch=0->0 phase=3
TURN call=42 quota=1 hint=2->2 work=1 owners=1 owner_calls=42 event=1 main_cursor=1382->1446 main_epoch=0->0 phase=3
TURN call=43 quota=1 hint=2->1 work=1 owners=1 owner_calls=43 event=0 main_cursor=1446->1446 main_epoch=0->0 phase=3
TURN call=44 quota=1 hint=1->2 work=1 owners=1 owner_calls=44 event=0 main_cursor=1446->1510 main_epoch=0->0 phase=3
TURN call=45 quota=1 hint=2->2 work=1 owners=1 owner_calls=45 event=1 main_cursor=1510->1574 main_epoch=0->0 phase=3
TURN call=46 quota=1 hint=2->1 work=1 owners=1 owner_calls=46 event=0 main_cursor=1574->1574 main_epoch=0->0 phase=3
TURN call=47 quota=1 hint=1->2 work=1 owners=1 owner_calls=47 event=0 main_cursor=1574->1638 main_epoch=0->0 phase=3
TURN call=48 quota=1 hint=2->2 work=1 owners=1 owner_calls=48 event=1 main_cursor=1638->1702 main_epoch=0->0 phase=3
TURN call=49 quota=1 hint=2->1 work=1 owners=1 owner_calls=49 event=0 main_cursor=1702->1702 main_epoch=0->0 phase=3
TURN call=50 quota=1 hint=1->2 work=1 owners=1 owner_calls=50 event=0 main_cursor=1702->1766 main_epoch=0->0 phase=3
TURN call=51 quota=1 hint=2->2 work=1 owners=1 owner_calls=51 event=1 main_cursor=1766->1830 main_epoch=0->0 phase=3
TURN call=52 quota=1 hint=2->1 work=1 owners=1 owner_calls=52 event=0 main_cursor=1830->1830 main_epoch=0->0 phase=3
TURN call=53 quota=1 hint=1->2 work=1 owners=1 owner_calls=53 event=0 main_cursor=1830->1894 main_epoch=0->0 phase=3
TURN call=54 quota=1 hint=2->2 work=1 owners=1 owner_calls=54 event=1 main_cursor=1894->1958 main_epoch=0->0 phase=3
TURN call=55 quota=1 hint=2->1 work=1 owners=1 owner_calls=55 event=0 main_cursor=1958->1958 main_epoch=0->0 phase=3
TURN call=56 quota=1 hint=1->2 work=1 owners=1 owner_calls=56 event=0 main_cursor=1958->2022 main_epoch=0->0 phase=3
TURN call=57 quota=1 hint=2->2 work=1 owners=1 owner_calls=57 event=1 main_cursor=2022->2086 main_epoch=0->0 phase=3
TURN call=58 quota=1 hint=2->1 work=1 owners=1 owner_calls=58 event=0 main_cursor=2086->2086 main_epoch=0->0 phase=3
TURN call=59 quota=1 hint=1->2 work=1 owners=1 owner_calls=59 event=0 main_cursor=2086->2150 main_epoch=0->0 phase=3
TURN call=60 quota=1 hint=2->2 work=1 owners=1 owner_calls=60 event=1 main_cursor=2150->2214 main_epoch=0->0 phase=3
TURN call=61 quota=1 hint=2->1 work=1 owners=1 owner_calls=61 event=0 main_cursor=2214->2214 main_epoch=0->0 phase=3
TURN call=62 quota=1 hint=1->2 work=1 owners=1 owner_calls=62 event=0 main_cursor=2214->2366 main_epoch=0->0 phase=3
TURN call=63 quota=1 hint=2->2 work=1 owners=1 owner_calls=63 event=1 main_cursor=2366->616 main_epoch=0->1 phase=3
TURN call=64 quota=1 hint=2->1 work=1 owners=1 owner_calls=64 event=0 main_cursor=616->616 main_epoch=1->1 phase=3
TURN call=65 quota=1 hint=1->1 work=0 owners=0 owner_calls=64 event=1 main_cursor=616->616 main_epoch=1->1 phase=3
TURN call=66 quota=1 hint=1->1 work=1 owners=1 owner_calls=65 event=0 main_cursor=616->616 main_epoch=1->1 phase=3
TURN call=67 quota=1 hint=1->1 work=0 owners=0 owner_calls=65 event=1 main_cursor=616->616 main_epoch=1->1 phase=3
TURN call=68 quota=1 hint=1->1 work=1 owners=1 owner_calls=66 event=0 main_cursor=616->616 main_epoch=1->1 phase=3
TURN call=69 quota=1 hint=1->1 work=0 owners=0 owner_calls=66 event=1 main_cursor=616->616 main_epoch=1->1 phase=3
TURN call=70 quota=1 hint=1->1 work=1 owners=1 owner_calls=67 event=0 main_cursor=616->616 main_epoch=1->1 phase=3
TURN call=71 quota=1 hint=1->1 work=0 owners=0 owner_calls=67 event=1 main_cursor=616->616 main_epoch=1->1 phase=3
TURN call=72 quota=1 hint=1->1 work=1 owners=1 owner_calls=68 event=0 main_cursor=616->616 main_epoch=1->1 phase=3
TURN call=73 quota=1 hint=1->1 work=0 owners=0 owner_calls=68 event=1 main_cursor=616->616 main_epoch=1->1 phase=3
TURN call=74 quota=1 hint=1->1 work=1 owners=1 owner_calls=69 event=0 main_cursor=616->616 main_epoch=1->1 phase=3
TURN call=75 quota=1 hint=1->1 work=0 owners=0 owner_calls=69 event=1 main_cursor=616->616 main_epoch=1->1 phase=3
TURN call=76 quota=1 hint=1->1 work=1 owners=1 owner_calls=70 event=0 main_cursor=616->616 main_epoch=1->1 phase=3
TURN call=77 quota=1 hint=1->1 work=0 owners=0 owner_calls=70 event=1 main_cursor=616->616 main_epoch=1->1 phase=3
TURN call=78 quota=1 hint=1->1 work=1 owners=1 owner_calls=71 event=0 main_cursor=616->616 main_epoch=1->1 phase=3
TURN call=79 quota=1 hint=1->1 work=0 owners=0 owner_calls=71 event=1 main_cursor=616->616 main_epoch=1->1 phase=3
TURN call=80 quota=1 hint=1->1 work=1 owners=1 owner_calls=72 event=0 main_cursor=616->616 main_epoch=1->1 phase=3
TURN call=81 quota=1 hint=1->1 work=0 owners=0 owner_calls=72 event=1 main_cursor=616->616 main_epoch=1->1 phase=3
TURN call=82 quota=1 hint=1->1 work=1 owners=1 owner_calls=73 event=0 main_cursor=616->616 main_epoch=1->1 phase=3
TURN call=83 quota=1 hint=1->1 work=0 owners=0 owner_calls=73 event=1 main_cursor=616->616 main_epoch=1->1 phase=3
TURN call=84 quota=1 hint=1->1 work=1 owners=1 owner_calls=74 event=0 main_cursor=616->616 main_epoch=1->1 phase=3
TURN call=85 quota=1 hint=1->1 work=0 owners=0 owner_calls=74 event=1 main_cursor=616->616 main_epoch=1->1 phase=3
TURN call=86 quota=1 hint=1->1 work=1 owners=1 owner_calls=75 event=0 main_cursor=616->616 main_epoch=1->1 phase=3
TURN call=87 quota=1 hint=1->1 work=0 owners=0 owner_calls=75 event=1 main_cursor=616->616 main_epoch=1->1 phase=3
TURN call=88 quota=1 hint=1->1 work=1 owners=1 owner_calls=76 event=0 main_cursor=616->616 main_epoch=1->1 phase=3
TURN call=89 quota=1 hint=1->1 work=0 owners=0 owner_calls=76 event=1 main_cursor=616->616 main_epoch=1->1 phase=3
TURN call=90 quota=1 hint=1->1 work=1 owners=1 owner_calls=77 event=0 main_cursor=616->616 main_epoch=1->1 phase=3
TURN call=91 quota=1 hint=1->1 work=0 owners=0 owner_calls=77 event=1 main_cursor=616->616 main_epoch=1->1 phase=3
TURN call=92 quota=1 hint=1->1 work=1 owners=1 owner_calls=78 event=0 main_cursor=616->616 main_epoch=1->1 phase=3
TURN call=93 quota=1 hint=1->1 work=0 owners=0 owner_calls=78 event=1 main_cursor=616->616 main_epoch=1->1 phase=3
TURN call=94 quota=1 hint=1->1 work=1 owners=1 owner_calls=79 event=0 main_cursor=616->616 main_epoch=1->1 phase=3
TURN call=95 quota=1 hint=1->1 work=0 owners=0 owner_calls=79 event=1 main_cursor=616->616 main_epoch=1->1 phase=3
TURN call=96 quota=1 hint=1->1 work=1 owners=1 owner_calls=80 event=0 main_cursor=616->616 main_epoch=1->1 phase=3
TURN call=97 quota=1 hint=1->1 work=0 owners=0 owner_calls=80 event=1 main_cursor=616->616 main_epoch=1->1 phase=3
TURN call=98 quota=1 hint=1->1 work=1 owners=1 owner_calls=81 event=0 main_cursor=616->616 main_epoch=1->1 phase=3
TURN call=99 quota=1 hint=1->1 work=0 owners=0 owner_calls=81 event=1 main_cursor=616->616 main_epoch=1->1 phase=3
TURN call=100 quota=1 hint=1->1 work=1 owners=1 owner_calls=82 event=0 main_cursor=616->616 main_epoch=1->1 phase=3
TURN call=101 quota=1 hint=1->1 work=0 owners=0 owner_calls=82 event=1 main_cursor=616->616 main_epoch=1->1 phase=3
TURN call=102 quota=1 hint=1->1 work=1 owners=1 owner_calls=83 event=0 main_cursor=616->616 main_epoch=1->1 phase=3
TURN call=103 quota=1 hint=1->1 work=0 owners=0 owner_calls=83 event=1 main_cursor=616->616 main_epoch=1->1 phase=3
TURN call=104 quota=1 hint=1->1 work=1 owners=1 owner_calls=84 event=0 main_cursor=616->616 main_epoch=1->1 phase=3
TURN call=105 quota=1 hint=1->1 work=0 owners=0 owner_calls=84 event=1 main_cursor=616->616 main_epoch=1->1 phase=3
TURN call=106 quota=1 hint=1->1 work=1 owners=1 owner_calls=85 event=0 main_cursor=616->616 main_epoch=1->1 phase=3
TURN call=107 quota=1 hint=1->1 work=0 owners=0 owner_calls=85 event=1 main_cursor=616->616 main_epoch=1->1 phase=3
TURN call=108 quota=1 hint=1->1 work=1 owners=1 owner_calls=86 event=0 main_cursor=616->616 main_epoch=1->1 phase=3
TURN call=109 quota=1 hint=1->1 work=0 owners=0 owner_calls=86 event=1 main_cursor=616->616 main_epoch=1->1 phase=3
TURN call=110 quota=1 hint=1->1 work=1 owners=1 owner_calls=87 event=0 main_cursor=616->616 main_epoch=1->1 phase=3
TURN call=111 quota=1 hint=1->1 work=0 owners=0 owner_calls=87 event=1 main_cursor=616->616 main_epoch=1->1 phase=3
TURN call=112 quota=1 hint=1->1 work=1 owners=1 owner_calls=88 event=0 main_cursor=616->616 main_epoch=1->1 phase=3
TURN call=113 quota=1 hint=1->1 work=0 owners=0 owner_calls=88 event=1 main_cursor=616->616 main_epoch=1->1 phase=3
TURN call=114 quota=1 hint=1->1 work=1 owners=1 owner_calls=89 event=0 main_cursor=616->616 main_epoch=1->1 phase=3
TURN call=115 quota=1 hint=1->1 work=0 owners=0 owner_calls=89 event=1 main_cursor=616->616 main_epoch=1->1 phase=3
TURN call=116 quota=1 hint=1->1 work=1 owners=1 owner_calls=90 event=0 main_cursor=616->616 main_epoch=1->1 phase=3
TURN call=117 quota=1 hint=1->1 work=0 owners=0 owner_calls=90 event=1 main_cursor=616->616 main_epoch=1->1 phase=3
TURN call=118 quota=1 hint=1->1 work=1 owners=1 owner_calls=91 event=0 main_cursor=616->616 main_epoch=1->1 phase=3
TURN call=119 quota=1 hint=1->1 work=0 owners=0 owner_calls=91 event=1 main_cursor=616->616 main_epoch=1->1 phase=3
TURN call=120 quota=1 hint=1->1 work=1 owners=1 owner_calls=92 event=0 main_cursor=616->616 main_epoch=1->1 phase=3
TURN call=121 quota=1 hint=1->1 work=0 owners=0 owner_calls=92 event=1 main_cursor=616->616 main_epoch=1->1 phase=3
TURN call=122 quota=1 hint=1->1 work=1 owners=1 owner_calls=93 event=0 main_cursor=616->616 main_epoch=1->1 phase=3
TURN call=123 quota=1 hint=1->1 work=0 owners=0 owner_calls=93 event=1 main_cursor=616->616 main_epoch=1->1 phase=3
TURN call=124 quota=1 hint=1->1 work=1 owners=1 owner_calls=94 event=0 main_cursor=616->616 main_epoch=1->1 phase=3
TURN call=125 quota=1 hint=1->1 work=0 owners=0 owner_calls=94 event=1 main_cursor=616->616 main_epoch=1->1 phase=3
TURN call=126 quota=1 hint=1->1 work=1 owners=1 owner_calls=95 event=0 main_cursor=616->616 main_epoch=1->1 phase=3
TURN call=127 quota=1 hint=1->1 work=0 owners=0 owner_calls=95 event=1 main_cursor=616->616 main_epoch=1->1 phase=3
TURN call=128 quota=1 hint=1->1 work=1 owners=1 owner_calls=96 event=0 main_cursor=616->616 main_epoch=1->1 phase=3
TURN call=129 quota=1 hint=1->1 work=0 owners=0 owner_calls=96 event=1 main_cursor=616->616 main_epoch=1->1 phase=3
TURN call=130 quota=1 hint=1->1 work=1 owners=1 owner_calls=97 event=0 main_cursor=616->616 main_epoch=1->1 phase=3
TURN call=131 quota=1 hint=1->1 work=0 owners=0 owner_calls=97 event=1 main_cursor=616->616 main_epoch=1->1 phase=3
TURN call=132 quota=1 hint=1->1 work=1 owners=1 owner_calls=98 event=0 main_cursor=616->616 main_epoch=1->1 phase=3
TURN call=133 quota=1 hint=1->1 work=0 owners=0 owner_calls=98 event=1 main_cursor=616->616 main_epoch=1->1 phase=3
TURN call=134 quota=1 hint=1->1 work=1 owners=1 owner_calls=99 event=0 main_cursor=616->616 main_epoch=1->1 phase=3
TURN call=135 quota=1 hint=1->1 work=0 owners=0 owner_calls=99 event=1 main_cursor=616->616 main_epoch=1->1 phase=3
TURN call=136 quota=1 hint=1->1 work=1 owners=1 owner_calls=100 event=0 main_cursor=616->616 main_epoch=1->1 phase=3
TURN call=137 quota=1 hint=1->1 work=0 owners=0 owner_calls=100 event=1 main_cursor=616->616 main_epoch=1->1 phase=3
TURN call=138 quota=1 hint=1->1 work=1 owners=1 owner_calls=101 event=0 main_cursor=616->616 main_epoch=1->1 phase=3
TURN call=139 quota=1 hint=1->1 work=0 owners=0 owner_calls=101 event=1 main_cursor=616->616 main_epoch=1->1 phase=3
TURN call=140 quota=1 hint=1->1 work=1 owners=1 owner_calls=102 event=0 main_cursor=616->616 main_epoch=1->1 phase=3
TURN call=141 quota=1 hint=1->1 work=0 owners=0 owner_calls=102 event=1 main_cursor=616->616 main_epoch=1->1 phase=3
TURN call=142 quota=1 hint=1->1 work=1 owners=1 owner_calls=103 event=0 main_cursor=616->616 main_epoch=1->1 phase=3
TURN call=143 quota=1 hint=1->1 work=0 owners=0 owner_calls=103 event=1 main_cursor=616->616 main_epoch=1->1 phase=3
TURN call=144 quota=1 hint=1->1 work=1 owners=1 owner_calls=104 event=0 main_cursor=616->616 main_epoch=1->1 phase=3
TURN call=145 quota=1 hint=1->1 work=0 owners=0 owner_calls=104 event=1 main_cursor=616->616 main_epoch=1->1 phase=3
TURN call=146 quota=1 hint=1->1 work=1 owners=1 owner_calls=105 event=0 main_cursor=616->616 main_epoch=1->1 phase=3
TURN call=147 quota=1 hint=1->1 work=0 owners=0 owner_calls=105 event=1 main_cursor=616->616 main_epoch=1->1 phase=3
TURN call=148 quota=1 hint=1->1 work=1 owners=1 owner_calls=106 event=0 main_cursor=616->616 main_epoch=1->1 phase=3
TURN call=149 quota=1 hint=1->1 work=0 owners=0 owner_calls=106 event=1 main_cursor=616->616 main_epoch=1->1 phase=3
TURN call=150 quota=1 hint=1->1 work=1 owners=1 owner_calls=107 event=0 main_cursor=616->616 main_epoch=1->1 phase=3
TURN call=151 quota=1 hint=1->1 work=0 owners=0 owner_calls=107 event=1 main_cursor=616->616 main_epoch=1->1 phase=3
TURN call=152 quota=1 hint=1->1 work=1 owners=1 owner_calls=108 event=0 main_cursor=616->616 main_epoch=1->1 phase=3
TURN call=153 quota=1 hint=1->1 work=0 owners=0 owner_calls=108 event=1 main_cursor=616->616 main_epoch=1->1 phase=3
TURN call=154 quota=1 hint=1->1 work=1 owners=1 owner_calls=109 event=0 main_cursor=616->616 main_epoch=1->1 phase=3
TURN call=155 quota=1 hint=1->1 work=0 owners=0 owner_calls=109 event=1 main_cursor=616->616 main_epoch=1->1 phase=3
TURN call=156 quota=1 hint=1->1 work=1 owners=1 owner_calls=110 event=0 main_cursor=616->616 main_epoch=1->1 phase=3
TURN call=157 quota=1 hint=1->1 work=0 owners=0 owner_calls=110 event=1 main_cursor=616->616 main_epoch=1->1 phase=3
TURN call=158 quota=1 hint=1->1 work=1 owners=1 owner_calls=111 event=0 main_cursor=616->616 main_epoch=1->1 phase=3
TURN call=159 quota=1 hint=1->1 work=0 owners=0 owner_calls=111 event=1 main_cursor=616->616 main_epoch=1->1 phase=3
TURN call=160 quota=1 hint=1->1 work=1 owners=1 owner_calls=112 event=0 main_cursor=616->616 main_epoch=1->1 phase=3
TURN call=161 quota=1 hint=1->1 work=0 owners=0 owner_calls=112 event=1 main_cursor=616->616 main_epoch=1->1 phase=3
TURN call=162 quota=1 hint=1->1 work=1 owners=1 owner_calls=113 event=0 main_cursor=616->616 main_epoch=1->1 phase=3
TURN call=163 quota=1 hint=1->1 work=0 owners=0 owner_calls=113 event=1 main_cursor=616->616 main_epoch=1->1 phase=3
TURN call=164 quota=1 hint=1->1 work=1 owners=1 owner_calls=114 event=0 main_cursor=616->616 main_epoch=1->1 phase=3
TURN call=165 quota=1 hint=1->1 work=0 owners=0 owner_calls=114 event=1 main_cursor=616->616 main_epoch=1->1 phase=3
TURN call=166 quota=1 hint=1->1 work=1 owners=1 owner_calls=115 event=0 main_cursor=616->616 main_epoch=1->1 phase=3
TURN call=167 quota=1 hint=1->1 work=0 owners=0 owner_calls=115 event=1 main_cursor=616->616 main_epoch=1->1 phase=3
TURN call=168 quota=1 hint=1->1 work=1 owners=1 owner_calls=116 event=0 main_cursor=616->616 main_epoch=1->1 phase=3
TURN call=169 quota=1 hint=1->1 work=0 owners=0 owner_calls=116 event=1 main_cursor=616->616 main_epoch=1->1 phase=3
TURN call=170 quota=1 hint=1->1 work=1 owners=1 owner_calls=117 event=0 main_cursor=616->616 main_epoch=1->1 phase=3
TURN call=171 quota=1 hint=1->1 work=0 owners=0 owner_calls=117 event=1 main_cursor=616->616 main_epoch=1->1 phase=3
TURN call=172 quota=1 hint=1->1 work=1 owners=1 owner_calls=118 event=0 main_cursor=616->616 main_epoch=1->1 phase=3
TURN call=173 quota=1 hint=1->1 work=0 owners=0 owner_calls=118 event=1 main_cursor=616->616 main_epoch=1->1 phase=3
TURN call=174 quota=1 hint=1->1 work=1 owners=1 owner_calls=119 event=0 main_cursor=616->616 main_epoch=1->1 phase=3
TURN call=175 quota=1 hint=1->1 work=0 owners=0 owner_calls=119 event=1 main_cursor=616->616 main_epoch=1->1 phase=3
TURN call=176 quota=1 hint=1->1 work=1 owners=1 owner_calls=120 event=0 main_cursor=616->616 main_epoch=1->1 phase=3
TURN call=177 quota=1 hint=1->1 work=0 owners=0 owner_calls=120 event=1 main_cursor=616->616 main_epoch=1->1 phase=3
TURN call=178 quota=1 hint=1->1 work=1 owners=1 owner_calls=121 event=0 main_cursor=616->616 main_epoch=1->1 phase=3
TURN call=179 quota=1 hint=1->1 work=0 owners=0 owner_calls=121 event=1 main_cursor=616->616 main_epoch=1->1 phase=3
TURN call=180 quota=1 hint=1->1 work=1 owners=1 owner_calls=122 event=0 main_cursor=616->616 main_epoch=1->1 phase=3
TURN call=181 quota=1 hint=1->1 work=0 owners=0 owner_calls=122 event=1 main_cursor=616->616 main_epoch=1->1 phase=3
TURN call=182 quota=1 hint=1->1 work=1 owners=1 owner_calls=123 event=0 main_cursor=616->616 main_epoch=1->1 phase=3
TURN call=183 quota=1 hint=1->1 work=0 owners=0 owner_calls=123 event=1 main_cursor=616->616 main_epoch=1->1 phase=3
TURN call=184 quota=1 hint=1->1 work=1 owners=1 owner_calls=124 event=0 main_cursor=616->616 main_epoch=1->1 phase=3
TURN call=185 quota=1 hint=1->1 work=0 owners=0 owner_calls=124 event=1 main_cursor=616->616 main_epoch=1->1 phase=3
TURN call=186 quota=1 hint=1->1 work=1 owners=1 owner_calls=125 event=0 main_cursor=616->616 main_epoch=1->1 phase=3
TURN call=187 quota=1 hint=1->1 work=0 owners=0 owner_calls=125 event=1 main_cursor=616->616 main_epoch=1->1 phase=3
TURN call=188 quota=1 hint=1->1 work=1 owners=1 owner_calls=126 event=0 main_cursor=616->616 main_epoch=1->1 phase=3
TURN call=189 quota=1 hint=1->1 work=0 owners=0 owner_calls=126 event=1 main_cursor=616->616 main_epoch=1->1 phase=3
TURN call=190 quota=1 hint=1->1 work=1 owners=1 owner_calls=127 event=0 main_cursor=616->616 main_epoch=1->1 phase=3
TURN call=191 quota=1 hint=1->1 work=0 owners=0 owner_calls=127 event=1 main_cursor=616->616 main_epoch=1->1 phase=3
TURN call=192 quota=1 hint=1->1 work=1 owners=1 owner_calls=128 event=0 main_cursor=616->616 main_epoch=1->1 phase=3
TURN call=193 quota=1 hint=1->1 work=0 owners=0 owner_calls=128 event=1 main_cursor=616->616 main_epoch=1->1 phase=3
TURN call=194 quota=1 hint=1->1 work=1 owners=1 owner_calls=129 event=0 main_cursor=616->616 main_epoch=1->1 phase=3
TURN call=195 quota=1 hint=1->1 work=0 owners=0 owner_calls=129 event=1 main_cursor=616->616 main_epoch=1->1 phase=3
TURN call=196 quota=1 hint=1->1 work=1 owners=1 owner_calls=130 event=0 main_cursor=616->616 main_epoch=1->1 phase=3
TURN call=197 quota=1 hint=1->1 work=0 owners=0 owner_calls=130 event=1 main_cursor=616->616 main_epoch=1->1 phase=3
TURN call=198 quota=1 hint=1->1 work=1 owners=1 owner_calls=131 event=0 main_cursor=616->616 main_epoch=1->1 phase=3
TURN call=199 quota=1 hint=1->1 work=0 owners=0 owner_calls=131 event=1 main_cursor=616->616 main_epoch=1->1 phase=3
TURN call=200 quota=1 hint=1->1 work=1 owners=1 owner_calls=132 event=0 main_cursor=616->616 main_epoch=1->1 phase=3
TURN call=201 quota=1 hint=1->1 work=0 owners=0 owner_calls=132 event=1 main_cursor=616->616 main_epoch=1->1 phase=3
TURN call=202 quota=1 hint=1->1 work=1 owners=1 owner_calls=133 event=0 main_cursor=616->616 main_epoch=1->1 phase=3
TURN call=203 quota=1 hint=1->1 work=0 owners=0 owner_calls=133 event=1 main_cursor=616->616 main_epoch=1->1 phase=3
TURN call=204 quota=1 hint=1->1 work=1 owners=1 owner_calls=134 event=0 main_cursor=616->616 main_epoch=1->1 phase=3
TURN call=205 quota=1 hint=1->1 work=0 owners=0 owner_calls=134 event=1 main_cursor=616->616 main_epoch=1->1 phase=3
TURN call=206 quota=1 hint=1->1 work=1 owners=1 owner_calls=135 event=0 main_cursor=616->616 main_epoch=1->1 phase=3
TURN call=207 quota=1 hint=1->1 work=0 owners=0 owner_calls=135 event=1 main_cursor=616->616 main_epoch=1->1 phase=3
TURN call=208 quota=1 hint=1->1 work=1 owners=1 owner_calls=136 event=0 main_cursor=616->616 main_epoch=1->1 phase=3
TURN call=209 quota=1 hint=1->1 work=0 owners=0 owner_calls=136 event=1 main_cursor=616->616 main_epoch=1->1 phase=3
TURN call=210 quota=1 hint=1->1 work=1 owners=1 owner_calls=137 event=0 main_cursor=616->616 main_epoch=1->1 phase=3
TURN call=211 quota=1 hint=1->1 work=0 owners=0 owner_calls=137 event=1 main_cursor=616->616 main_epoch=1->1 phase=3
TURN call=212 quota=1 hint=1->1 work=1 owners=1 owner_calls=138 event=0 main_cursor=616->616 main_epoch=1->1 phase=3
TURN call=213 quota=1 hint=1->1 work=0 owners=0 owner_calls=138 event=1 main_cursor=616->616 main_epoch=1->1 phase=3
TURN call=214 quota=1 hint=1->1 work=1 owners=1 owner_calls=139 event=0 main_cursor=616->616 main_epoch=1->1 phase=3
TURN call=215 quota=1 hint=1->1 work=0 owners=0 owner_calls=139 event=1 main_cursor=616->616 main_epoch=1->1 phase=3
TURN call=216 quota=1 hint=1->1 work=1 owners=1 owner_calls=140 event=0 main_cursor=616->616 main_epoch=1->1 phase=3
TURN call=217 quota=1 hint=1->1 work=0 owners=0 owner_calls=140 event=1 main_cursor=616->616 main_epoch=1->1 phase=3
TURN call=218 quota=1 hint=1->1 work=1 owners=1 owner_calls=141 event=0 main_cursor=616->616 main_epoch=1->1 phase=3
TURN call=219 quota=1 hint=1->1 work=0 owners=0 owner_calls=141 event=1 main_cursor=616->616 main_epoch=1->1 phase=3
TURN call=220 quota=1 hint=1->1 work=1 owners=1 owner_calls=142 event=0 main_cursor=616->616 main_epoch=1->1 phase=3
TURN call=221 quota=1 hint=1->1 work=0 owners=0 owner_calls=142 event=1 main_cursor=616->616 main_epoch=1->1 phase=3
TURN call=222 quota=1 hint=1->1 work=1 owners=1 owner_calls=143 event=0 main_cursor=616->616 main_epoch=1->1 phase=3
TURN call=223 quota=1 hint=1->1 work=0 owners=0 owner_calls=143 event=1 main_cursor=616->616 main_epoch=1->1 phase=3
TURN call=224 quota=1 hint=1->1 work=1 owners=1 owner_calls=144 event=0 main_cursor=616->616 main_epoch=1->1 phase=3
TURN call=225 quota=1 hint=1->1 work=0 owners=0 owner_calls=144 event=1 main_cursor=616->616 main_epoch=1->1 phase=3
TURN call=226 quota=1 hint=1->1 work=1 owners=1 owner_calls=145 event=0 main_cursor=616->616 main_epoch=1->1 phase=3
TURN call=227 quota=1 hint=1->1 work=0 owners=0 owner_calls=145 event=1 main_cursor=616->616 main_epoch=1->1 phase=3
TURN call=228 quota=1 hint=1->1 work=1 owners=1 owner_calls=146 event=0 main_cursor=616->616 main_epoch=1->1 phase=3
TURN call=229 quota=1 hint=1->1 work=0 owners=0 owner_calls=146 event=1 main_cursor=616->616 main_epoch=1->1 phase=3
TURN call=230 quota=1 hint=1->1 work=1 owners=1 owner_calls=147 event=0 main_cursor=616->616 main_epoch=1->1 phase=3
TURN call=231 quota=1 hint=1->1 work=0 owners=0 owner_calls=147 event=1 main_cursor=616->616 main_epoch=1->1 phase=3
TURN call=232 quota=1 hint=1->1 work=1 owners=1 owner_calls=148 event=0 main_cursor=616->616 main_epoch=1->1 phase=3
TURN call=233 quota=1 hint=1->1 work=0 owners=0 owner_calls=148 event=1 main_cursor=616->616 main_epoch=1->1 phase=3
TURN call=234 quota=1 hint=1->1 work=1 owners=1 owner_calls=149 event=0 main_cursor=616->616 main_epoch=1->1 phase=3
TURN call=235 quota=1 hint=1->1 work=0 owners=0 owner_calls=149 event=1 main_cursor=616->616 main_epoch=1->1 phase=3
TURN call=236 quota=1 hint=1->1 work=1 owners=1 owner_calls=150 event=0 main_cursor=616->616 main_epoch=1->1 phase=3
TURN call=237 quota=1 hint=1->1 work=0 owners=0 owner_calls=150 event=1 main_cursor=616->616 main_epoch=1->1 phase=3
TURN call=238 quota=1 hint=1->1 work=1 owners=1 owner_calls=151 event=0 main_cursor=616->616 main_epoch=1->1 phase=3
TURN call=239 quota=1 hint=1->1 work=0 owners=0 owner_calls=151 event=1 main_cursor=616->616 main_epoch=1->1 phase=3
TURN call=240 quota=1 hint=1->1 work=1 owners=1 owner_calls=152 event=0 main_cursor=616->616 main_epoch=1->1 phase=3
TURN call=241 quota=1 hint=1->1 work=0 owners=0 owner_calls=152 event=1 main_cursor=616->616 main_epoch=1->1 phase=3
TURN call=242 quota=1 hint=1->1 work=1 owners=1 owner_calls=153 event=0 main_cursor=616->616 main_epoch=1->1 phase=3
TURN call=243 quota=1 hint=1->1 work=0 owners=0 owner_calls=153 event=1 main_cursor=616->616 main_epoch=1->1 phase=3
TURN call=244 quota=1 hint=1->1 work=1 owners=1 owner_calls=154 event=0 main_cursor=616->616 main_epoch=1->1 phase=3
TURN call=245 quota=1 hint=1->1 work=0 owners=0 owner_calls=154 event=1 main_cursor=616->616 main_epoch=1->1 phase=3
TURN call=246 quota=1 hint=1->1 work=1 owners=1 owner_calls=155 event=0 main_cursor=616->616 main_epoch=1->1 phase=3
TURN call=247 quota=1 hint=1->1 work=0 owners=0 owner_calls=155 event=1 main_cursor=616->616 main_epoch=1->1 phase=3
TURN call=248 quota=1 hint=1->1 work=1 owners=1 owner_calls=156 event=0 main_cursor=616->616 main_epoch=1->1 phase=3
TURN call=249 quota=1 hint=1->1 work=0 owners=0 owner_calls=156 event=1 main_cursor=616->616 main_epoch=1->1 phase=3
TURN call=250 quota=1 hint=1->1 work=1 owners=1 owner_calls=157 event=0 main_cursor=616->616 main_epoch=1->1 phase=3
TURN call=251 quota=1 hint=1->1 work=0 owners=0 owner_calls=157 event=1 main_cursor=616->616 main_epoch=1->1 phase=3
TURN call=252 quota=1 hint=1->1 work=1 owners=1 owner_calls=158 event=0 main_cursor=616->616 main_epoch=1->1 phase=3
TURN call=253 quota=1 hint=1->1 work=0 owners=0 owner_calls=158 event=1 main_cursor=616->616 main_epoch=1->1 phase=3
TURN call=254 quota=1 hint=1->1 work=1 owners=1 owner_calls=159 event=0 main_cursor=616->616 main_epoch=1->1 phase=3
TURN call=255 quota=1 hint=1->1 work=0 owners=0 owner_calls=159 event=1 main_cursor=616->616 main_epoch=1->1 phase=3
TURN call=256 quota=1 hint=1->1 work=1 owners=1 owner_calls=160 event=0 main_cursor=616->616 main_epoch=1->1 phase=3
HELD count=1 quota=1 workers=0 ns=2453182 events=117 parks=0 runs=160 eligible_done=1 first_done_call=63 first_done_owner_call=63 eligible_turns=42 first_turn=2 max_gap=2 fairness=1 reset=117,0,0 hint=1 detach_saved=0
STATE held-blocker phase=3 cycle=1 deferred=118 owner_runs=164 arenas=1 ptr=0x7ff8622a0000 cell=4093 block=1 root=1 life=2 ready=0 mark=1 flags=25 cursor=4042 late=0 retire=19 quarantine=0x7ff8622a0000 owned=(nil)
RELEASED result=1 phase=0 ns=568230 hint=2 main_tid=1
t-fair-owner OK
TAIL tid=2 fillers=1159 cell=4093 cells=4096 size=48
TAIL tid=3 fillers=1159 cell=4093 cells=4096 size=48
TAIL tid=4 fillers=1159 cell=4093 cells=4096 size=48
INITIAL result=0 ns=943236 count=3 quota=1 workers=0 cycle=1 main_tid=1 hint=2 eligible_epoch=0 cursor=616
STATE initial-blocker phase=3 cycle=1 deferred=1 owner_runs=6 arenas=0 ptr=0x7f24fbd20000 cell=4093 block=1 root=1 life=2 ready=0 mark=1 flags=25 cursor=616 late=0 retire=37 quarantine=0x7f24fbd20000 owned=(nil)
STATE initial-blocker phase=3 cycle=1 deferred=1 owner_runs=6 arenas=0 ptr=0x7f24fb3a0000 cell=4093 block=1 root=1 life=2 ready=0 mark=1 flags=25 cursor=1192 late=0 retire=37 quarantine=0x7f24fb3a0000 owned=(nil)
STATE initial-blocker phase=3 cycle=1 deferred=1 owner_runs=6 arenas=0 ptr=0x7f24faa20000 cell=4093 block=1 root=1 life=2 ready=0 mark=1 flags=25 cursor=616 late=0 retire=37 quarantine=0x7f24faa20000 owned=(nil)
TURN call=1 quota=1 hint=2->1 work=1 owners=1 owner_calls=1 event=0 main_cursor=616->616 main_epoch=0->0 phase=3
TURN call=2 quota=1 hint=1->4 work=1 owners=1 owner_calls=2 event=0 main_cursor=616->806 main_epoch=0->0 phase=3
TURN call=3 quota=1 hint=4->3 work=1 owners=1 owner_calls=3 event=0 main_cursor=806->806 main_epoch=0->0 phase=3
TURN call=4 quota=1 hint=3->2 work=1 owners=1 owner_calls=4 event=0 main_cursor=806->806 main_epoch=0->0 phase=3
TURN call=5 quota=1 hint=2->1 work=1 owners=1 owner_calls=5 event=0 main_cursor=806->806 main_epoch=0->0 phase=3
TURN call=6 quota=1 hint=1->4 work=1 owners=1 owner_calls=6 event=0 main_cursor=806->870 main_epoch=0->0 phase=3
TURN call=7 quota=1 hint=4->2 work=1 owners=1 owner_calls=7 event=1 main_cursor=870->870 main_epoch=0->0 phase=3
TURN call=8 quota=1 hint=2->1 work=1 owners=1 owner_calls=8 event=0 main_cursor=870->870 main_epoch=0->0 phase=3
TURN call=9 quota=1 hint=1->4 work=1 owners=1 owner_calls=9 event=0 main_cursor=870->934 main_epoch=0->0 phase=3
TURN call=10 quota=1 hint=4->3 work=1 owners=1 owner_calls=10 event=0 main_cursor=934->934 main_epoch=0->0 phase=3
TURN call=11 quota=1 hint=3->2 work=1 owners=1 owner_calls=11 event=0 main_cursor=934->934 main_epoch=0->0 phase=3
TURN call=12 quota=1 hint=2->1 work=1 owners=1 owner_calls=12 event=0 main_cursor=934->934 main_epoch=0->0 phase=3
TURN call=13 quota=1 hint=1->4 work=1 owners=1 owner_calls=13 event=0 main_cursor=934->998 main_epoch=0->0 phase=3
TURN call=14 quota=1 hint=4->2 work=1 owners=1 owner_calls=14 event=1 main_cursor=998->998 main_epoch=0->0 phase=3
TURN call=15 quota=1 hint=2->1 work=1 owners=1 owner_calls=15 event=0 main_cursor=998->998 main_epoch=0->0 phase=3
TURN call=16 quota=1 hint=1->4 work=1 owners=1 owner_calls=16 event=0 main_cursor=998->1062 main_epoch=0->0 phase=3
TURN call=17 quota=1 hint=4->3 work=1 owners=1 owner_calls=17 event=0 main_cursor=1062->1062 main_epoch=0->0 phase=3
TURN call=18 quota=1 hint=3->2 work=1 owners=1 owner_calls=18 event=0 main_cursor=1062->1062 main_epoch=0->0 phase=3
TURN call=19 quota=1 hint=2->1 work=1 owners=1 owner_calls=19 event=0 main_cursor=1062->1062 main_epoch=0->0 phase=3
TURN call=20 quota=1 hint=1->4 work=1 owners=1 owner_calls=20 event=0 main_cursor=1062->1126 main_epoch=0->0 phase=3
TURN call=21 quota=1 hint=4->2 work=1 owners=1 owner_calls=21 event=1 main_cursor=1126->1126 main_epoch=0->0 phase=3
TURN call=22 quota=1 hint=2->1 work=1 owners=1 owner_calls=22 event=0 main_cursor=1126->1126 main_epoch=0->0 phase=3
TURN call=23 quota=1 hint=1->4 work=1 owners=1 owner_calls=23 event=0 main_cursor=1126->1190 main_epoch=0->0 phase=3
TURN call=24 quota=1 hint=4->3 work=1 owners=1 owner_calls=24 event=0 main_cursor=1190->1190 main_epoch=0->0 phase=3
TURN call=25 quota=1 hint=3->2 work=1 owners=1 owner_calls=25 event=0 main_cursor=1190->1190 main_epoch=0->0 phase=3
TURN call=26 quota=1 hint=2->1 work=1 owners=1 owner_calls=26 event=0 main_cursor=1190->1190 main_epoch=0->0 phase=3
TURN call=27 quota=1 hint=1->4 work=1 owners=1 owner_calls=27 event=0 main_cursor=1190->1254 main_epoch=0->0 phase=3
TURN call=28 quota=1 hint=4->2 work=1 owners=1 owner_calls=28 event=1 main_cursor=1254->1254 main_epoch=0->0 phase=3
TURN call=29 quota=1 hint=2->1 work=1 owners=1 owner_calls=29 event=0 main_cursor=1254->1254 main_epoch=0->0 phase=3
TURN call=30 quota=1 hint=1->4 work=1 owners=1 owner_calls=30 event=0 main_cursor=1254->1318 main_epoch=0->0 phase=3
TURN call=31 quota=1 hint=4->3 work=1 owners=1 owner_calls=31 event=0 main_cursor=1318->1318 main_epoch=0->0 phase=3
TURN call=32 quota=1 hint=3->2 work=1 owners=1 owner_calls=32 event=0 main_cursor=1318->1318 main_epoch=0->0 phase=3
TURN call=33 quota=1 hint=2->1 work=1 owners=1 owner_calls=33 event=0 main_cursor=1318->1318 main_epoch=0->0 phase=3
TURN call=34 quota=1 hint=1->4 work=1 owners=1 owner_calls=34 event=0 main_cursor=1318->1382 main_epoch=0->0 phase=3
TURN call=35 quota=1 hint=4->2 work=1 owners=1 owner_calls=35 event=1 main_cursor=1382->1382 main_epoch=0->0 phase=3
TURN call=36 quota=1 hint=2->1 work=1 owners=1 owner_calls=36 event=0 main_cursor=1382->1382 main_epoch=0->0 phase=3
TURN call=37 quota=1 hint=1->4 work=1 owners=1 owner_calls=37 event=0 main_cursor=1382->1446 main_epoch=0->0 phase=3
TURN call=38 quota=1 hint=4->3 work=1 owners=1 owner_calls=38 event=0 main_cursor=1446->1446 main_epoch=0->0 phase=3
TURN call=39 quota=1 hint=3->2 work=1 owners=1 owner_calls=39 event=0 main_cursor=1446->1446 main_epoch=0->0 phase=3
TURN call=40 quota=1 hint=2->1 work=1 owners=1 owner_calls=40 event=0 main_cursor=1446->1446 main_epoch=0->0 phase=3
TURN call=41 quota=1 hint=1->4 work=1 owners=1 owner_calls=41 event=0 main_cursor=1446->1510 main_epoch=0->0 phase=3
TURN call=42 quota=1 hint=4->2 work=1 owners=1 owner_calls=42 event=1 main_cursor=1510->1510 main_epoch=0->0 phase=3
TURN call=43 quota=1 hint=2->1 work=1 owners=1 owner_calls=43 event=0 main_cursor=1510->1510 main_epoch=0->0 phase=3
TURN call=44 quota=1 hint=1->4 work=1 owners=1 owner_calls=44 event=0 main_cursor=1510->1574 main_epoch=0->0 phase=3
TURN call=45 quota=1 hint=4->3 work=1 owners=1 owner_calls=45 event=0 main_cursor=1574->1574 main_epoch=0->0 phase=3
TURN call=46 quota=1 hint=3->2 work=1 owners=1 owner_calls=46 event=0 main_cursor=1574->1574 main_epoch=0->0 phase=3
TURN call=47 quota=1 hint=2->1 work=1 owners=1 owner_calls=47 event=0 main_cursor=1574->1574 main_epoch=0->0 phase=3
TURN call=48 quota=1 hint=1->4 work=1 owners=1 owner_calls=48 event=0 main_cursor=1574->1638 main_epoch=0->0 phase=3
TURN call=49 quota=1 hint=4->2 work=1 owners=1 owner_calls=49 event=1 main_cursor=1638->1638 main_epoch=0->0 phase=3
TURN call=50 quota=1 hint=2->1 work=1 owners=1 owner_calls=50 event=0 main_cursor=1638->1638 main_epoch=0->0 phase=3
TURN call=51 quota=1 hint=1->4 work=1 owners=1 owner_calls=51 event=0 main_cursor=1638->1702 main_epoch=0->0 phase=3
TURN call=52 quota=1 hint=4->3 work=1 owners=1 owner_calls=52 event=0 main_cursor=1702->1702 main_epoch=0->0 phase=3
TURN call=53 quota=1 hint=3->2 work=1 owners=1 owner_calls=53 event=0 main_cursor=1702->1702 main_epoch=0->0 phase=3
TURN call=54 quota=1 hint=2->1 work=1 owners=1 owner_calls=54 event=0 main_cursor=1702->1702 main_epoch=0->0 phase=3
TURN call=55 quota=1 hint=1->4 work=1 owners=1 owner_calls=55 event=0 main_cursor=1702->1766 main_epoch=0->0 phase=3
TURN call=56 quota=1 hint=4->2 work=1 owners=1 owner_calls=56 event=1 main_cursor=1766->1766 main_epoch=0->0 phase=3
TURN call=57 quota=1 hint=2->1 work=1 owners=1 owner_calls=57 event=0 main_cursor=1766->1766 main_epoch=0->0 phase=3
TURN call=58 quota=1 hint=1->4 work=1 owners=1 owner_calls=58 event=0 main_cursor=1766->1830 main_epoch=0->0 phase=3
TURN call=59 quota=1 hint=4->3 work=1 owners=1 owner_calls=59 event=0 main_cursor=1830->1830 main_epoch=0->0 phase=3
TURN call=60 quota=1 hint=3->2 work=1 owners=1 owner_calls=60 event=0 main_cursor=1830->1830 main_epoch=0->0 phase=3
TURN call=61 quota=1 hint=2->1 work=1 owners=1 owner_calls=61 event=0 main_cursor=1830->1830 main_epoch=0->0 phase=3
TURN call=62 quota=1 hint=1->4 work=1 owners=1 owner_calls=62 event=0 main_cursor=1830->1894 main_epoch=0->0 phase=3
TURN call=63 quota=1 hint=4->2 work=1 owners=1 owner_calls=63 event=1 main_cursor=1894->1894 main_epoch=0->0 phase=3
TURN call=64 quota=1 hint=2->1 work=1 owners=1 owner_calls=64 event=0 main_cursor=1894->1894 main_epoch=0->0 phase=3
TURN call=65 quota=1 hint=1->4 work=1 owners=1 owner_calls=65 event=0 main_cursor=1894->1958 main_epoch=0->0 phase=3
TURN call=66 quota=1 hint=4->3 work=1 owners=1 owner_calls=66 event=0 main_cursor=1958->1958 main_epoch=0->0 phase=3
TURN call=67 quota=1 hint=3->2 work=1 owners=1 owner_calls=67 event=0 main_cursor=1958->1958 main_epoch=0->0 phase=3
TURN call=68 quota=1 hint=2->1 work=1 owners=1 owner_calls=68 event=0 main_cursor=1958->1958 main_epoch=0->0 phase=3
TURN call=69 quota=1 hint=1->4 work=1 owners=1 owner_calls=69 event=0 main_cursor=1958->2022 main_epoch=0->0 phase=3
TURN call=70 quota=1 hint=4->2 work=1 owners=1 owner_calls=70 event=1 main_cursor=2022->2022 main_epoch=0->0 phase=3
TURN call=71 quota=1 hint=2->1 work=1 owners=1 owner_calls=71 event=0 main_cursor=2022->2022 main_epoch=0->0 phase=3
TURN call=72 quota=1 hint=1->4 work=1 owners=1 owner_calls=72 event=0 main_cursor=2022->2086 main_epoch=0->0 phase=3
TURN call=73 quota=1 hint=4->3 work=1 owners=1 owner_calls=73 event=0 main_cursor=2086->2086 main_epoch=0->0 phase=3
TURN call=74 quota=1 hint=3->2 work=1 owners=1 owner_calls=74 event=0 main_cursor=2086->2086 main_epoch=0->0 phase=3
TURN call=75 quota=1 hint=2->1 work=1 owners=1 owner_calls=75 event=0 main_cursor=2086->2086 main_epoch=0->0 phase=3
TURN call=76 quota=1 hint=1->4 work=1 owners=1 owner_calls=76 event=0 main_cursor=2086->2150 main_epoch=0->0 phase=3
TURN call=77 quota=1 hint=4->2 work=1 owners=1 owner_calls=77 event=1 main_cursor=2150->2150 main_epoch=0->0 phase=3
TURN call=78 quota=1 hint=2->1 work=1 owners=1 owner_calls=78 event=0 main_cursor=2150->2150 main_epoch=0->0 phase=3
TURN call=79 quota=1 hint=1->4 work=1 owners=1 owner_calls=79 event=0 main_cursor=2150->2214 main_epoch=0->0 phase=3
TURN call=80 quota=1 hint=4->3 work=1 owners=1 owner_calls=80 event=0 main_cursor=2214->2214 main_epoch=0->0 phase=3
TURN call=81 quota=1 hint=3->2 work=1 owners=1 owner_calls=81 event=0 main_cursor=2214->2214 main_epoch=0->0 phase=3
TURN call=82 quota=1 hint=2->1 work=1 owners=1 owner_calls=82 event=0 main_cursor=2214->2214 main_epoch=0->0 phase=3
TURN call=83 quota=1 hint=1->4 work=1 owners=1 owner_calls=83 event=0 main_cursor=2214->2278 main_epoch=0->0 phase=3
TURN call=84 quota=1 hint=4->2 work=1 owners=1 owner_calls=84 event=1 main_cursor=2278->2278 main_epoch=0->0 phase=3
TURN call=85 quota=1 hint=2->1 work=1 owners=1 owner_calls=85 event=0 main_cursor=2278->2278 main_epoch=0->0 phase=3
TURN call=86 quota=1 hint=1->4 work=1 owners=1 owner_calls=86 event=0 main_cursor=2278->2342 main_epoch=0->0 phase=3
TURN call=87 quota=1 hint=4->3 work=1 owners=1 owner_calls=87 event=0 main_cursor=2342->2342 main_epoch=0->0 phase=3
TURN call=88 quota=1 hint=3->2 work=1 owners=1 owner_calls=88 event=0 main_cursor=2342->2342 main_epoch=0->0 phase=3
TURN call=89 quota=1 hint=2->1 work=1 owners=1 owner_calls=89 event=0 main_cursor=2342->2342 main_epoch=0->0 phase=3
TURN call=90 quota=1 hint=1->4 work=1 owners=1 owner_calls=90 event=0 main_cursor=2342->2406 main_epoch=0->0 phase=3
TURN call=91 quota=1 hint=4->2 work=1 owners=1 owner_calls=91 event=1 main_cursor=2406->2406 main_epoch=0->0 phase=3
TURN call=92 quota=1 hint=2->1 work=1 owners=1 owner_calls=92 event=0 main_cursor=2406->2406 main_epoch=0->0 phase=3
TURN call=93 quota=1 hint=1->3 work=1 owners=1 owner_calls=93 event=0 main_cursor=2406->616 main_epoch=0->0 phase=3
TURN call=94 quota=1 hint=3->2 work=1 owners=1 owner_calls=94 event=0 main_cursor=616->616 main_epoch=0->0 phase=3
TURN call=95 quota=1 hint=2->1 work=1 owners=1 owner_calls=95 event=0 main_cursor=616->616 main_epoch=0->0 phase=3
TURN call=96 quota=1 hint=1->4 work=1 owners=1 owner_calls=96 event=0 main_cursor=616->806 main_epoch=0->0 phase=3
TURN call=97 quota=1 hint=4->2 work=1 owners=1 owner_calls=97 event=1 main_cursor=806->806 main_epoch=0->0 phase=3
TURN call=98 quota=1 hint=2->1 work=1 owners=1 owner_calls=98 event=0 main_cursor=806->806 main_epoch=0->0 phase=3
TURN call=99 quota=1 hint=1->4 work=1 owners=1 owner_calls=99 event=0 main_cursor=806->870 main_epoch=0->0 phase=3
TURN call=100 quota=1 hint=4->3 work=1 owners=1 owner_calls=100 event=0 main_cursor=870->870 main_epoch=0->0 phase=3
TURN call=101 quota=1 hint=3->2 work=1 owners=1 owner_calls=101 event=0 main_cursor=870->870 main_epoch=0->0 phase=3
TURN call=102 quota=1 hint=2->1 work=1 owners=1 owner_calls=102 event=0 main_cursor=870->870 main_epoch=0->0 phase=3
TURN call=103 quota=1 hint=1->4 work=1 owners=1 owner_calls=103 event=0 main_cursor=870->934 main_epoch=0->0 phase=3
TURN call=104 quota=1 hint=4->2 work=1 owners=1 owner_calls=104 event=1 main_cursor=934->934 main_epoch=0->0 phase=3
TURN call=105 quota=1 hint=2->1 work=1 owners=1 owner_calls=105 event=0 main_cursor=934->934 main_epoch=0->0 phase=3
TURN call=106 quota=1 hint=1->4 work=1 owners=1 owner_calls=106 event=0 main_cursor=934->998 main_epoch=0->0 phase=3
TURN call=107 quota=1 hint=4->3 work=1 owners=1 owner_calls=107 event=0 main_cursor=998->998 main_epoch=0->0 phase=3
TURN call=108 quota=1 hint=3->2 work=1 owners=1 owner_calls=108 event=0 main_cursor=998->998 main_epoch=0->0 phase=3
TURN call=109 quota=1 hint=2->1 work=1 owners=1 owner_calls=109 event=0 main_cursor=998->998 main_epoch=0->0 phase=3
TURN call=110 quota=1 hint=1->4 work=1 owners=1 owner_calls=110 event=0 main_cursor=998->1062 main_epoch=0->0 phase=3
TURN call=111 quota=1 hint=4->2 work=1 owners=1 owner_calls=111 event=1 main_cursor=1062->1062 main_epoch=0->0 phase=3
TURN call=112 quota=1 hint=2->1 work=1 owners=1 owner_calls=112 event=0 main_cursor=1062->1062 main_epoch=0->0 phase=3
TURN call=113 quota=1 hint=1->4 work=1 owners=1 owner_calls=113 event=0 main_cursor=1062->1126 main_epoch=0->0 phase=3
TURN call=114 quota=1 hint=4->3 work=1 owners=1 owner_calls=114 event=0 main_cursor=1126->1126 main_epoch=0->0 phase=3
TURN call=115 quota=1 hint=3->2 work=1 owners=1 owner_calls=115 event=0 main_cursor=1126->1126 main_epoch=0->0 phase=3
TURN call=116 quota=1 hint=2->1 work=1 owners=1 owner_calls=116 event=0 main_cursor=1126->1126 main_epoch=0->0 phase=3
TURN call=117 quota=1 hint=1->4 work=1 owners=1 owner_calls=117 event=0 main_cursor=1126->1190 main_epoch=0->0 phase=3
TURN call=118 quota=1 hint=4->2 work=1 owners=1 owner_calls=118 event=1 main_cursor=1190->1190 main_epoch=0->0 phase=3
TURN call=119 quota=1 hint=2->1 work=1 owners=1 owner_calls=119 event=0 main_cursor=1190->1190 main_epoch=0->0 phase=3
TURN call=120 quota=1 hint=1->4 work=1 owners=1 owner_calls=120 event=0 main_cursor=1190->1254 main_epoch=0->0 phase=3
TURN call=121 quota=1 hint=4->3 work=1 owners=1 owner_calls=121 event=0 main_cursor=1254->1254 main_epoch=0->0 phase=3
TURN call=122 quota=1 hint=3->2 work=1 owners=1 owner_calls=122 event=0 main_cursor=1254->1254 main_epoch=0->0 phase=3
TURN call=123 quota=1 hint=2->1 work=1 owners=1 owner_calls=123 event=0 main_cursor=1254->1254 main_epoch=0->0 phase=3
TURN call=124 quota=1 hint=1->4 work=1 owners=1 owner_calls=124 event=0 main_cursor=1254->1318 main_epoch=0->0 phase=3
TURN call=125 quota=1 hint=4->2 work=1 owners=1 owner_calls=125 event=1 main_cursor=1318->1318 main_epoch=0->0 phase=3
TURN call=126 quota=1 hint=2->1 work=1 owners=1 owner_calls=126 event=0 main_cursor=1318->1318 main_epoch=0->0 phase=3
TURN call=127 quota=1 hint=1->4 work=1 owners=1 owner_calls=127 event=0 main_cursor=1318->1382 main_epoch=0->0 phase=3
TURN call=128 quota=1 hint=4->3 work=1 owners=1 owner_calls=128 event=0 main_cursor=1382->1382 main_epoch=0->0 phase=3
TURN call=129 quota=1 hint=3->2 work=1 owners=1 owner_calls=129 event=0 main_cursor=1382->1382 main_epoch=0->0 phase=3
TURN call=130 quota=1 hint=2->1 work=1 owners=1 owner_calls=130 event=0 main_cursor=1382->1382 main_epoch=0->0 phase=3
TURN call=131 quota=1 hint=1->4 work=1 owners=1 owner_calls=131 event=0 main_cursor=1382->1446 main_epoch=0->0 phase=3
TURN call=132 quota=1 hint=4->2 work=1 owners=1 owner_calls=132 event=1 main_cursor=1446->1446 main_epoch=0->0 phase=3
TURN call=133 quota=1 hint=2->1 work=1 owners=1 owner_calls=133 event=0 main_cursor=1446->1446 main_epoch=0->0 phase=3
TURN call=134 quota=1 hint=1->4 work=1 owners=1 owner_calls=134 event=0 main_cursor=1446->1510 main_epoch=0->0 phase=3
TURN call=135 quota=1 hint=4->3 work=1 owners=1 owner_calls=135 event=0 main_cursor=1510->1510 main_epoch=0->0 phase=3
TURN call=136 quota=1 hint=3->2 work=1 owners=1 owner_calls=136 event=0 main_cursor=1510->1510 main_epoch=0->0 phase=3
TURN call=137 quota=1 hint=2->1 work=1 owners=1 owner_calls=137 event=0 main_cursor=1510->1510 main_epoch=0->0 phase=3
TURN call=138 quota=1 hint=1->4 work=1 owners=1 owner_calls=138 event=0 main_cursor=1510->1574 main_epoch=0->0 phase=3
TURN call=139 quota=1 hint=4->2 work=1 owners=1 owner_calls=139 event=1 main_cursor=1574->1574 main_epoch=0->0 phase=3
TURN call=140 quota=1 hint=2->1 work=1 owners=1 owner_calls=140 event=0 main_cursor=1574->1574 main_epoch=0->0 phase=3
TURN call=141 quota=1 hint=1->4 work=1 owners=1 owner_calls=141 event=0 main_cursor=1574->1638 main_epoch=0->0 phase=3
TURN call=142 quota=1 hint=4->3 work=1 owners=1 owner_calls=142 event=0 main_cursor=1638->1638 main_epoch=0->0 phase=3
TURN call=143 quota=1 hint=3->2 work=1 owners=1 owner_calls=143 event=0 main_cursor=1638->1638 main_epoch=0->0 phase=3
TURN call=144 quota=1 hint=2->1 work=1 owners=1 owner_calls=144 event=0 main_cursor=1638->1638 main_epoch=0->0 phase=3
TURN call=145 quota=1 hint=1->4 work=1 owners=1 owner_calls=145 event=0 main_cursor=1638->1702 main_epoch=0->0 phase=3
TURN call=146 quota=1 hint=4->2 work=1 owners=1 owner_calls=146 event=1 main_cursor=1702->1702 main_epoch=0->0 phase=3
TURN call=147 quota=1 hint=2->1 work=1 owners=1 owner_calls=147 event=0 main_cursor=1702->1702 main_epoch=0->0 phase=3
TURN call=148 quota=1 hint=1->4 work=1 owners=1 owner_calls=148 event=0 main_cursor=1702->1766 main_epoch=0->0 phase=3
TURN call=149 quota=1 hint=4->3 work=1 owners=1 owner_calls=149 event=0 main_cursor=1766->1766 main_epoch=0->0 phase=3
TURN call=150 quota=1 hint=3->2 work=1 owners=1 owner_calls=150 event=0 main_cursor=1766->1766 main_epoch=0->0 phase=3
TURN call=151 quota=1 hint=2->1 work=1 owners=1 owner_calls=151 event=0 main_cursor=1766->1766 main_epoch=0->0 phase=3
TURN call=152 quota=1 hint=1->4 work=1 owners=1 owner_calls=152 event=0 main_cursor=1766->1830 main_epoch=0->0 phase=3
TURN call=153 quota=1 hint=4->2 work=1 owners=1 owner_calls=153 event=1 main_cursor=1830->1830 main_epoch=0->0 phase=3
TURN call=154 quota=1 hint=2->1 work=1 owners=1 owner_calls=154 event=0 main_cursor=1830->1830 main_epoch=0->0 phase=3
TURN call=155 quota=1 hint=1->4 work=1 owners=1 owner_calls=155 event=0 main_cursor=1830->1894 main_epoch=0->0 phase=3
TURN call=156 quota=1 hint=4->3 work=1 owners=1 owner_calls=156 event=0 main_cursor=1894->1894 main_epoch=0->0 phase=3
TURN call=157 quota=1 hint=3->2 work=1 owners=1 owner_calls=157 event=0 main_cursor=1894->1894 main_epoch=0->0 phase=3
TURN call=158 quota=1 hint=2->1 work=1 owners=1 owner_calls=158 event=0 main_cursor=1894->1894 main_epoch=0->0 phase=3
TURN call=159 quota=1 hint=1->4 work=1 owners=1 owner_calls=159 event=0 main_cursor=1894->1958 main_epoch=0->0 phase=3
TURN call=160 quota=1 hint=4->2 work=1 owners=1 owner_calls=160 event=1 main_cursor=1958->1958 main_epoch=0->0 phase=3
TURN call=161 quota=1 hint=2->1 work=1 owners=1 owner_calls=161 event=0 main_cursor=1958->1958 main_epoch=0->0 phase=3
TURN call=162 quota=1 hint=1->4 work=1 owners=1 owner_calls=162 event=0 main_cursor=1958->2022 main_epoch=0->0 phase=3
TURN call=163 quota=1 hint=4->3 work=1 owners=1 owner_calls=163 event=0 main_cursor=2022->2022 main_epoch=0->0 phase=3
TURN call=164 quota=1 hint=3->2 work=1 owners=1 owner_calls=164 event=0 main_cursor=2022->2022 main_epoch=0->0 phase=3
TURN call=165 quota=1 hint=2->1 work=1 owners=1 owner_calls=165 event=0 main_cursor=2022->2022 main_epoch=0->0 phase=3
TURN call=166 quota=1 hint=1->4 work=1 owners=1 owner_calls=166 event=0 main_cursor=2022->2086 main_epoch=0->0 phase=3
TURN call=167 quota=1 hint=4->1 work=1 owners=1 owner_calls=167 event=1 main_cursor=2086->2086 main_epoch=0->0 phase=3
TURN call=168 quota=1 hint=1->4 work=1 owners=1 owner_calls=168 event=0 main_cursor=2086->2150 main_epoch=0->0 phase=3
TURN call=169 quota=1 hint=4->3 work=1 owners=1 owner_calls=169 event=0 main_cursor=2150->2150 main_epoch=0->0 phase=3
TURN call=170 quota=1 hint=3->2 work=1 owners=1 owner_calls=170 event=0 main_cursor=2150->2150 main_epoch=0->0 phase=3
TURN call=171 quota=1 hint=2->1 work=1 owners=1 owner_calls=171 event=0 main_cursor=2150->2150 main_epoch=0->0 phase=3
TURN call=172 quota=1 hint=1->4 work=1 owners=1 owner_calls=172 event=0 main_cursor=2150->2214 main_epoch=0->0 phase=3
TURN call=173 quota=1 hint=4->1 work=1 owners=1 owner_calls=173 event=1 main_cursor=2214->2214 main_epoch=0->0 phase=3
TURN call=174 quota=1 hint=1->4 work=1 owners=1 owner_calls=174 event=0 main_cursor=2214->2429 main_epoch=0->0 phase=3
TURN call=175 quota=1 hint=4->3 work=1 owners=1 owner_calls=175 event=0 main_cursor=2429->2429 main_epoch=0->0 phase=3
TURN call=176 quota=1 hint=3->2 work=1 owners=1 owner_calls=176 event=0 main_cursor=2429->2429 main_epoch=0->0 phase=3
TURN call=177 quota=1 hint=2->1 work=1 owners=1 owner_calls=177 event=0 main_cursor=2429->2429 main_epoch=0->0 phase=3
TURN call=178 quota=1 hint=1->4 work=1 owners=1 owner_calls=178 event=0 main_cursor=2429->616 main_epoch=0->1 phase=3
TURN call=179 quota=1 hint=4->1 work=1 owners=1 owner_calls=179 event=1 main_cursor=616->616 main_epoch=1->1 phase=3
TURN call=180 quota=1 hint=1->3 work=1 owners=1 owner_calls=180 event=0 main_cursor=616->616 main_epoch=1->1 phase=3
TURN call=181 quota=1 hint=3->2 work=1 owners=1 owner_calls=181 event=0 main_cursor=616->616 main_epoch=1->1 phase=3
TURN call=182 quota=1 hint=2->1 work=1 owners=1 owner_calls=182 event=0 main_cursor=616->616 main_epoch=1->1 phase=3
TURN call=183 quota=1 hint=1->1 work=1 owners=1 owner_calls=183 event=1 main_cursor=616->616 main_epoch=1->1 phase=3
TURN call=184 quota=1 hint=1->3 work=1 owners=1 owner_calls=184 event=0 main_cursor=616->616 main_epoch=1->1 phase=3
TURN call=185 quota=1 hint=3->2 work=1 owners=1 owner_calls=185 event=0 main_cursor=616->616 main_epoch=1->1 phase=3
TURN call=186 quota=1 hint=2->1 work=1 owners=1 owner_calls=186 event=0 main_cursor=616->616 main_epoch=1->1 phase=3
TURN call=187 quota=1 hint=1->1 work=0 owners=0 owner_calls=186 event=1 main_cursor=616->616 main_epoch=1->1 phase=3
TURN call=188 quota=1 hint=1->3 work=1 owners=1 owner_calls=187 event=0 main_cursor=616->616 main_epoch=1->1 phase=3
TURN call=189 quota=1 hint=3->2 work=1 owners=1 owner_calls=188 event=0 main_cursor=616->616 main_epoch=1->1 phase=3
TURN call=190 quota=1 hint=2->1 work=1 owners=1 owner_calls=189 event=0 main_cursor=616->616 main_epoch=1->1 phase=3
TURN call=191 quota=1 hint=1->1 work=0 owners=0 owner_calls=189 event=1 main_cursor=616->616 main_epoch=1->1 phase=3
TURN call=192 quota=1 hint=1->3 work=1 owners=1 owner_calls=190 event=0 main_cursor=616->616 main_epoch=1->1 phase=3
TURN call=193 quota=1 hint=3->2 work=1 owners=1 owner_calls=191 event=0 main_cursor=616->616 main_epoch=1->1 phase=3
TURN call=194 quota=1 hint=2->1 work=1 owners=1 owner_calls=192 event=0 main_cursor=616->616 main_epoch=1->1 phase=3
TURN call=195 quota=1 hint=1->1 work=0 owners=0 owner_calls=192 event=1 main_cursor=616->616 main_epoch=1->1 phase=3
TURN call=196 quota=1 hint=1->3 work=1 owners=1 owner_calls=193 event=0 main_cursor=616->616 main_epoch=1->1 phase=3
TURN call=197 quota=1 hint=3->2 work=1 owners=1 owner_calls=194 event=0 main_cursor=616->616 main_epoch=1->1 phase=3
TURN call=198 quota=1 hint=2->1 work=1 owners=1 owner_calls=195 event=0 main_cursor=616->616 main_epoch=1->1 phase=3
TURN call=199 quota=1 hint=1->1 work=0 owners=0 owner_calls=195 event=1 main_cursor=616->616 main_epoch=1->1 phase=3
TURN call=200 quota=1 hint=1->3 work=1 owners=1 owner_calls=196 event=0 main_cursor=616->616 main_epoch=1->1 phase=3
TURN call=201 quota=1 hint=3->2 work=1 owners=1 owner_calls=197 event=0 main_cursor=616->616 main_epoch=1->1 phase=3
TURN call=202 quota=1 hint=2->1 work=1 owners=1 owner_calls=198 event=0 main_cursor=616->616 main_epoch=1->1 phase=3
TURN call=203 quota=1 hint=1->1 work=0 owners=0 owner_calls=198 event=1 main_cursor=616->616 main_epoch=1->1 phase=3
TURN call=204 quota=1 hint=1->3 work=1 owners=1 owner_calls=199 event=0 main_cursor=616->616 main_epoch=1->1 phase=3
TURN call=205 quota=1 hint=3->2 work=1 owners=1 owner_calls=200 event=0 main_cursor=616->616 main_epoch=1->1 phase=3
TURN call=206 quota=1 hint=2->1 work=1 owners=1 owner_calls=201 event=0 main_cursor=616->616 main_epoch=1->1 phase=3
TURN call=207 quota=1 hint=1->1 work=0 owners=0 owner_calls=201 event=1 main_cursor=616->616 main_epoch=1->1 phase=3
TURN call=208 quota=1 hint=1->3 work=1 owners=1 owner_calls=202 event=0 main_cursor=616->616 main_epoch=1->1 phase=3
TURN call=209 quota=1 hint=3->2 work=1 owners=1 owner_calls=203 event=0 main_cursor=616->616 main_epoch=1->1 phase=3
TURN call=210 quota=1 hint=2->1 work=1 owners=1 owner_calls=204 event=0 main_cursor=616->616 main_epoch=1->1 phase=3
TURN call=211 quota=1 hint=1->1 work=0 owners=0 owner_calls=204 event=1 main_cursor=616->616 main_epoch=1->1 phase=3
TURN call=212 quota=1 hint=1->3 work=1 owners=1 owner_calls=205 event=0 main_cursor=616->616 main_epoch=1->1 phase=3
TURN call=213 quota=1 hint=3->2 work=1 owners=1 owner_calls=206 event=0 main_cursor=616->616 main_epoch=1->1 phase=3
TURN call=214 quota=1 hint=2->1 work=1 owners=1 owner_calls=207 event=0 main_cursor=616->616 main_epoch=1->1 phase=3
TURN call=215 quota=1 hint=1->1 work=0 owners=0 owner_calls=207 event=1 main_cursor=616->616 main_epoch=1->1 phase=3
TURN call=216 quota=1 hint=1->3 work=1 owners=1 owner_calls=208 event=0 main_cursor=616->616 main_epoch=1->1 phase=3
TURN call=217 quota=1 hint=3->2 work=1 owners=1 owner_calls=209 event=0 main_cursor=616->616 main_epoch=1->1 phase=3
TURN call=218 quota=1 hint=2->1 work=1 owners=1 owner_calls=210 event=0 main_cursor=616->616 main_epoch=1->1 phase=3
TURN call=219 quota=1 hint=1->1 work=0 owners=0 owner_calls=210 event=1 main_cursor=616->616 main_epoch=1->1 phase=3
TURN call=220 quota=1 hint=1->3 work=1 owners=1 owner_calls=211 event=0 main_cursor=616->616 main_epoch=1->1 phase=3
TURN call=221 quota=1 hint=3->2 work=1 owners=1 owner_calls=212 event=0 main_cursor=616->616 main_epoch=1->1 phase=3
TURN call=222 quota=1 hint=2->1 work=1 owners=1 owner_calls=213 event=0 main_cursor=616->616 main_epoch=1->1 phase=3
TURN call=223 quota=1 hint=1->1 work=0 owners=0 owner_calls=213 event=1 main_cursor=616->616 main_epoch=1->1 phase=3
TURN call=224 quota=1 hint=1->3 work=1 owners=1 owner_calls=214 event=0 main_cursor=616->616 main_epoch=1->1 phase=3
TURN call=225 quota=1 hint=3->2 work=1 owners=1 owner_calls=215 event=0 main_cursor=616->616 main_epoch=1->1 phase=3
TURN call=226 quota=1 hint=2->1 work=1 owners=1 owner_calls=216 event=0 main_cursor=616->616 main_epoch=1->1 phase=3
TURN call=227 quota=1 hint=1->1 work=0 owners=0 owner_calls=216 event=1 main_cursor=616->616 main_epoch=1->1 phase=3
TURN call=228 quota=1 hint=1->3 work=1 owners=1 owner_calls=217 event=0 main_cursor=616->616 main_epoch=1->1 phase=3
TURN call=229 quota=1 hint=3->2 work=1 owners=1 owner_calls=218 event=0 main_cursor=616->616 main_epoch=1->1 phase=3
TURN call=230 quota=1 hint=2->1 work=1 owners=1 owner_calls=219 event=0 main_cursor=616->616 main_epoch=1->1 phase=3
TURN call=231 quota=1 hint=1->1 work=0 owners=0 owner_calls=219 event=1 main_cursor=616->616 main_epoch=1->1 phase=3
TURN call=232 quota=1 hint=1->3 work=1 owners=1 owner_calls=220 event=0 main_cursor=616->616 main_epoch=1->1 phase=3
TURN call=233 quota=1 hint=3->2 work=1 owners=1 owner_calls=221 event=0 main_cursor=616->616 main_epoch=1->1 phase=3
TURN call=234 quota=1 hint=2->1 work=1 owners=1 owner_calls=222 event=0 main_cursor=616->616 main_epoch=1->1 phase=3
TURN call=235 quota=1 hint=1->1 work=0 owners=0 owner_calls=222 event=1 main_cursor=616->616 main_epoch=1->1 phase=3
TURN call=236 quota=1 hint=1->3 work=1 owners=1 owner_calls=223 event=0 main_cursor=616->616 main_epoch=1->1 phase=3
TURN call=237 quota=1 hint=3->2 work=1 owners=1 owner_calls=224 event=0 main_cursor=616->616 main_epoch=1->1 phase=3
TURN call=238 quota=1 hint=2->1 work=1 owners=1 owner_calls=225 event=0 main_cursor=616->616 main_epoch=1->1 phase=3
TURN call=239 quota=1 hint=1->1 work=0 owners=0 owner_calls=225 event=1 main_cursor=616->616 main_epoch=1->1 phase=3
TURN call=240 quota=1 hint=1->3 work=1 owners=1 owner_calls=226 event=0 main_cursor=616->616 main_epoch=1->1 phase=3
TURN call=241 quota=1 hint=3->2 work=1 owners=1 owner_calls=227 event=0 main_cursor=616->616 main_epoch=1->1 phase=3
TURN call=242 quota=1 hint=2->1 work=1 owners=1 owner_calls=228 event=0 main_cursor=616->616 main_epoch=1->1 phase=3
TURN call=243 quota=1 hint=1->1 work=0 owners=0 owner_calls=228 event=1 main_cursor=616->616 main_epoch=1->1 phase=3
TURN call=244 quota=1 hint=1->3 work=1 owners=1 owner_calls=229 event=0 main_cursor=616->616 main_epoch=1->1 phase=3
TURN call=245 quota=1 hint=3->2 work=1 owners=1 owner_calls=230 event=0 main_cursor=616->616 main_epoch=1->1 phase=3
TURN call=246 quota=1 hint=2->1 work=1 owners=1 owner_calls=231 event=0 main_cursor=616->616 main_epoch=1->1 phase=3
TURN call=247 quota=1 hint=1->1 work=0 owners=0 owner_calls=231 event=1 main_cursor=616->616 main_epoch=1->1 phase=3
TURN call=248 quota=1 hint=1->3 work=1 owners=1 owner_calls=232 event=0 main_cursor=616->616 main_epoch=1->1 phase=3
TURN call=249 quota=1 hint=3->2 work=1 owners=1 owner_calls=233 event=0 main_cursor=616->616 main_epoch=1->1 phase=3
TURN call=250 quota=1 hint=2->1 work=1 owners=1 owner_calls=234 event=0 main_cursor=616->616 main_epoch=1->1 phase=3
TURN call=251 quota=1 hint=1->1 work=0 owners=0 owner_calls=234 event=1 main_cursor=616->616 main_epoch=1->1 phase=3
TURN call=252 quota=1 hint=1->3 work=1 owners=1 owner_calls=235 event=0 main_cursor=616->616 main_epoch=1->1 phase=3
TURN call=253 quota=1 hint=3->2 work=1 owners=1 owner_calls=236 event=0 main_cursor=616->616 main_epoch=1->1 phase=3
TURN call=254 quota=1 hint=2->1 work=1 owners=1 owner_calls=237 event=0 main_cursor=616->616 main_epoch=1->1 phase=3
TURN call=255 quota=1 hint=1->1 work=0 owners=0 owner_calls=237 event=1 main_cursor=616->616 main_epoch=1->1 phase=3
TURN call=256 quota=1 hint=1->3 work=1 owners=1 owner_calls=238 event=0 main_cursor=616->616 main_epoch=1->1 phase=3
HELD count=3 quota=1 workers=0 ns=798161 events=45 parks=0 runs=238 eligible_done=1 first_done_call=178 first_done_owner_call=178 eligible_turns=52 first_turn=2 max_gap=4 fairness=1 reset=19,23,45 hint=3 detach_saved=0
STATE held-blocker phase=3 cycle=1 deferred=46 owner_runs=244 arenas=1 ptr=0x7f24fbd20000 cell=4093 block=1 root=1 life=2 ready=0 mark=1 flags=25 cursor=616 late=0 retire=37 quarantine=0x7f24fbd20000 owned=(nil)
STATE held-blocker phase=3 cycle=1 deferred=46 owner_runs=244 arenas=1 ptr=0x7f24fb3a0000 cell=4093 block=1 root=1 life=2 ready=0 mark=1 flags=25 cursor=616 late=0 retire=37 quarantine=0x7f24fb3a0000 owned=(nil)
STATE held-blocker phase=3 cycle=1 deferred=46 owner_runs=244 arenas=1 ptr=0x7f24faa20000 cell=4093 block=1 root=1 life=2 ready=0 mark=1 flags=25 cursor=4042 late=0 retire=37 quarantine=0x7f24faa20000 owned=(nil)
RELEASED result=1 phase=0 ns=863857 hint=4 main_tid=1
t-fair-owner OK
TAIL tid=2 fillers=1159 cell=4093 cells=4096 size=48
TAIL tid=3 fillers=1159 cell=4093 cells=4096 size=48
TAIL tid=4 fillers=1159 cell=4093 cells=4096 size=48
INITIAL result=0 ns=937359 count=3 quota=64 workers=0 cycle=1 main_tid=1 hint=2 eligible_epoch=0 cursor=616
STATE initial-blocker phase=3 cycle=1 deferred=1 owner_runs=6 arenas=0 ptr=0x7f26eb460000 cell=4093 block=1 root=1 life=2 ready=0 mark=1 flags=25 cursor=616 late=0 retire=37 quarantine=0x7f26eb460000 owned=(nil)
STATE initial-blocker phase=3 cycle=1 deferred=1 owner_runs=6 arenas=0 ptr=0x7f26eaae0000 cell=4093 block=1 root=1 life=2 ready=0 mark=1 flags=25 cursor=1192 late=0 retire=37 quarantine=0x7f26eaae0000 owned=(nil)
STATE initial-blocker phase=3 cycle=1 deferred=1 owner_runs=6 arenas=0 ptr=0x7f26ea160000 cell=4093 block=1 root=1 life=2 ready=0 mark=1 flags=25 cursor=616 late=0 retire=37 quarantine=0x7f26ea160000 owned=(nil)
TURN call=1 quota=64 hint=2->4 work=64 owners=2 owner_calls=1 event=1 main_cursor=616->1318 main_epoch=0->0 phase=3
TURN call=2 quota=64 hint=4->4 work=64 owners=4 owner_calls=2 event=1 main_cursor=1318->2342 main_epoch=0->0 phase=3
TURN call=3 quota=64 hint=4->4 work=4 owners=4 owner_calls=3 event=1 main_cursor=2342->616 main_epoch=0->0 phase=3
TURN call=4 quota=64 hint=4->4 work=28 owners=4 owner_calls=4 event=1 main_cursor=616->616 main_epoch=0->1 phase=3
TURN call=5 quota=64 hint=4->4 work=3 owners=3 owner_calls=5 event=1 main_cursor=616->616 main_epoch=1->1 phase=3
TURN call=6 quota=64 hint=4->4 work=3 owners=3 owner_calls=6 event=1 main_cursor=616->616 main_epoch=1->1 phase=3
TURN call=7 quota=64 hint=4->4 work=3 owners=3 owner_calls=7 event=1 main_cursor=616->616 main_epoch=1->1 phase=3
TURN call=8 quota=64 hint=4->4 work=3 owners=3 owner_calls=8 event=1 main_cursor=616->616 main_epoch=1->1 phase=3
TURN call=9 quota=64 hint=4->4 work=3 owners=3 owner_calls=9 event=1 main_cursor=616->616 main_epoch=1->1 phase=3
TURN call=10 quota=64 hint=4->4 work=3 owners=3 owner_calls=10 event=1 main_cursor=616->616 main_epoch=1->1 phase=3
TURN call=11 quota=64 hint=4->4 work=3 owners=3 owner_calls=11 event=1 main_cursor=616->616 main_epoch=1->1 phase=3
TURN call=12 quota=64 hint=4->4 work=3 owners=3 owner_calls=12 event=1 main_cursor=616->616 main_epoch=1->1 phase=3
TURN call=13 quota=64 hint=4->4 work=3 owners=3 owner_calls=13 event=1 main_cursor=616->616 main_epoch=1->1 phase=3
TURN call=14 quota=64 hint=4->4 work=3 owners=3 owner_calls=14 event=1 main_cursor=616->616 main_epoch=1->1 phase=3
TURN call=15 quota=64 hint=4->4 work=3 owners=3 owner_calls=15 event=1 main_cursor=616->616 main_epoch=1->1 phase=3
TURN call=16 quota=64 hint=4->4 work=3 owners=3 owner_calls=16 event=1 main_cursor=616->616 main_epoch=1->1 phase=3
TURN call=17 quota=64 hint=4->4 work=3 owners=3 owner_calls=17 event=1 main_cursor=616->616 main_epoch=1->1 phase=3
TURN call=18 quota=64 hint=4->4 work=3 owners=3 owner_calls=18 event=1 main_cursor=616->616 main_epoch=1->1 phase=3
TURN call=19 quota=64 hint=4->4 work=3 owners=3 owner_calls=19 event=1 main_cursor=616->616 main_epoch=1->1 phase=3
TURN call=20 quota=64 hint=4->4 work=3 owners=3 owner_calls=20 event=1 main_cursor=616->616 main_epoch=1->1 phase=3
TURN call=21 quota=64 hint=4->4 work=3 owners=3 owner_calls=21 event=1 main_cursor=616->616 main_epoch=1->1 phase=3
TURN call=22 quota=64 hint=4->4 work=3 owners=3 owner_calls=22 event=1 main_cursor=616->616 main_epoch=1->1 phase=3
TURN call=23 quota=64 hint=4->4 work=3 owners=3 owner_calls=23 event=1 main_cursor=616->616 main_epoch=1->1 phase=3
TURN call=24 quota=64 hint=4->4 work=3 owners=3 owner_calls=24 event=1 main_cursor=616->616 main_epoch=1->1 phase=3
TURN call=25 quota=64 hint=4->4 work=3 owners=3 owner_calls=25 event=1 main_cursor=616->616 main_epoch=1->1 phase=3
TURN call=26 quota=64 hint=4->4 work=3 owners=3 owner_calls=26 event=1 main_cursor=616->616 main_epoch=1->1 phase=3
TURN call=27 quota=64 hint=4->4 work=3 owners=3 owner_calls=27 event=1 main_cursor=616->616 main_epoch=1->1 phase=3
TURN call=28 quota=64 hint=4->4 work=3 owners=3 owner_calls=28 event=1 main_cursor=616->616 main_epoch=1->1 phase=3
TURN call=29 quota=64 hint=4->4 work=3 owners=3 owner_calls=29 event=1 main_cursor=616->616 main_epoch=1->1 phase=3
TURN call=30 quota=64 hint=4->4 work=3 owners=3 owner_calls=30 event=1 main_cursor=616->616 main_epoch=1->1 phase=3
TURN call=31 quota=64 hint=4->4 work=3 owners=3 owner_calls=31 event=1 main_cursor=616->616 main_epoch=1->1 phase=3
TURN call=32 quota=64 hint=4->4 work=3 owners=3 owner_calls=32 event=1 main_cursor=616->616 main_epoch=1->1 phase=3
TURN call=33 quota=64 hint=4->4 work=3 owners=3 owner_calls=33 event=1 main_cursor=616->616 main_epoch=1->1 phase=3
TURN call=34 quota=64 hint=4->4 work=3 owners=3 owner_calls=34 event=1 main_cursor=616->616 main_epoch=1->1 phase=3
TURN call=35 quota=64 hint=4->4 work=3 owners=3 owner_calls=35 event=1 main_cursor=616->616 main_epoch=1->1 phase=3
TURN call=36 quota=64 hint=4->4 work=3 owners=3 owner_calls=36 event=1 main_cursor=616->616 main_epoch=1->1 phase=3
TURN call=37 quota=64 hint=4->4 work=3 owners=3 owner_calls=37 event=1 main_cursor=616->616 main_epoch=1->1 phase=3
TURN call=38 quota=64 hint=4->4 work=3 owners=3 owner_calls=38 event=1 main_cursor=616->616 main_epoch=1->1 phase=3
TURN call=39 quota=64 hint=4->4 work=3 owners=3 owner_calls=39 event=1 main_cursor=616->616 main_epoch=1->1 phase=3
TURN call=40 quota=64 hint=4->4 work=3 owners=3 owner_calls=40 event=1 main_cursor=616->616 main_epoch=1->1 phase=3
TURN call=41 quota=64 hint=4->4 work=3 owners=3 owner_calls=41 event=1 main_cursor=616->616 main_epoch=1->1 phase=3
TURN call=42 quota=64 hint=4->4 work=3 owners=3 owner_calls=42 event=1 main_cursor=616->616 main_epoch=1->1 phase=3
TURN call=43 quota=64 hint=4->4 work=3 owners=3 owner_calls=43 event=1 main_cursor=616->616 main_epoch=1->1 phase=3
TURN call=44 quota=64 hint=4->4 work=3 owners=3 owner_calls=44 event=1 main_cursor=616->616 main_epoch=1->1 phase=3
TURN call=45 quota=64 hint=4->4 work=3 owners=3 owner_calls=45 event=1 main_cursor=616->616 main_epoch=1->1 phase=3
TURN call=46 quota=64 hint=4->4 work=3 owners=3 owner_calls=46 event=1 main_cursor=616->616 main_epoch=1->1 phase=3
TURN call=47 quota=64 hint=4->4 work=3 owners=3 owner_calls=47 event=1 main_cursor=616->616 main_epoch=1->1 phase=3
TURN call=48 quota=64 hint=4->4 work=3 owners=3 owner_calls=48 event=1 main_cursor=616->616 main_epoch=1->1 phase=3
TURN call=49 quota=64 hint=4->4 work=3 owners=3 owner_calls=49 event=1 main_cursor=616->616 main_epoch=1->1 phase=3
TURN call=50 quota=64 hint=4->4 work=3 owners=3 owner_calls=50 event=1 main_cursor=616->616 main_epoch=1->1 phase=3
TURN call=51 quota=64 hint=4->4 work=3 owners=3 owner_calls=51 event=1 main_cursor=616->616 main_epoch=1->1 phase=3
TURN call=52 quota=64 hint=4->4 work=3 owners=3 owner_calls=52 event=1 main_cursor=616->616 main_epoch=1->1 phase=3
TURN call=53 quota=64 hint=4->4 work=3 owners=3 owner_calls=53 event=1 main_cursor=616->616 main_epoch=1->1 phase=3
TURN call=54 quota=64 hint=4->4 work=3 owners=3 owner_calls=54 event=1 main_cursor=616->616 main_epoch=1->1 phase=3
TURN call=55 quota=64 hint=4->4 work=3 owners=3 owner_calls=55 event=1 main_cursor=616->616 main_epoch=1->1 phase=3
TURN call=56 quota=64 hint=4->4 work=3 owners=3 owner_calls=56 event=1 main_cursor=616->616 main_epoch=1->1 phase=3
TURN call=57 quota=64 hint=4->4 work=3 owners=3 owner_calls=57 event=1 main_cursor=616->616 main_epoch=1->1 phase=3
TURN call=58 quota=64 hint=4->4 work=3 owners=3 owner_calls=58 event=1 main_cursor=616->616 main_epoch=1->1 phase=3
TURN call=59 quota=64 hint=4->4 work=3 owners=3 owner_calls=59 event=1 main_cursor=616->616 main_epoch=1->1 phase=3
TURN call=60 quota=64 hint=4->4 work=3 owners=3 owner_calls=60 event=1 main_cursor=616->616 main_epoch=1->1 phase=3
TURN call=61 quota=64 hint=4->4 work=3 owners=3 owner_calls=61 event=1 main_cursor=616->616 main_epoch=1->1 phase=3
TURN call=62 quota=64 hint=4->4 work=3 owners=3 owner_calls=62 event=1 main_cursor=616->616 main_epoch=1->1 phase=3
TURN call=63 quota=64 hint=4->4 work=3 owners=3 owner_calls=63 event=1 main_cursor=616->616 main_epoch=1->1 phase=3
TURN call=64 quota=64 hint=4->4 work=3 owners=3 owner_calls=64 event=1 main_cursor=616->616 main_epoch=1->1 phase=3
TURN call=65 quota=64 hint=4->4 work=3 owners=3 owner_calls=65 event=1 main_cursor=616->616 main_epoch=1->1 phase=3
TURN call=66 quota=64 hint=4->4 work=3 owners=3 owner_calls=66 event=1 main_cursor=616->616 main_epoch=1->1 phase=3
TURN call=67 quota=64 hint=4->4 work=3 owners=3 owner_calls=67 event=1 main_cursor=616->616 main_epoch=1->1 phase=3
TURN call=68 quota=64 hint=4->4 work=3 owners=3 owner_calls=68 event=1 main_cursor=616->616 main_epoch=1->1 phase=3
TURN call=69 quota=64 hint=4->4 work=3 owners=3 owner_calls=69 event=1 main_cursor=616->616 main_epoch=1->1 phase=3
TURN call=70 quota=64 hint=4->4 work=3 owners=3 owner_calls=70 event=1 main_cursor=616->616 main_epoch=1->1 phase=3
TURN call=71 quota=64 hint=4->4 work=3 owners=3 owner_calls=71 event=1 main_cursor=616->616 main_epoch=1->1 phase=3
TURN call=72 quota=64 hint=4->4 work=3 owners=3 owner_calls=72 event=1 main_cursor=616->616 main_epoch=1->1 phase=3
TURN call=73 quota=64 hint=4->4 work=3 owners=3 owner_calls=73 event=1 main_cursor=616->616 main_epoch=1->1 phase=3
TURN call=74 quota=64 hint=4->4 work=3 owners=3 owner_calls=74 event=1 main_cursor=616->616 main_epoch=1->1 phase=3
TURN call=75 quota=64 hint=4->4 work=3 owners=3 owner_calls=75 event=1 main_cursor=616->616 main_epoch=1->1 phase=3
TURN call=76 quota=64 hint=4->4 work=3 owners=3 owner_calls=76 event=1 main_cursor=616->616 main_epoch=1->1 phase=3
TURN call=77 quota=64 hint=4->4 work=3 owners=3 owner_calls=77 event=1 main_cursor=616->616 main_epoch=1->1 phase=3
TURN call=78 quota=64 hint=4->4 work=3 owners=3 owner_calls=78 event=1 main_cursor=616->616 main_epoch=1->1 phase=3
TURN call=79 quota=64 hint=4->4 work=3 owners=3 owner_calls=79 event=1 main_cursor=616->616 main_epoch=1->1 phase=3
TURN call=80 quota=64 hint=4->4 work=3 owners=3 owner_calls=80 event=1 main_cursor=616->616 main_epoch=1->1 phase=3
TURN call=81 quota=64 hint=4->4 work=3 owners=3 owner_calls=81 event=1 main_cursor=616->616 main_epoch=1->1 phase=3
TURN call=82 quota=64 hint=4->4 work=3 owners=3 owner_calls=82 event=1 main_cursor=616->616 main_epoch=1->1 phase=3
TURN call=83 quota=64 hint=4->4 work=3 owners=3 owner_calls=83 event=1 main_cursor=616->616 main_epoch=1->1 phase=3
TURN call=84 quota=64 hint=4->4 work=3 owners=3 owner_calls=84 event=1 main_cursor=616->616 main_epoch=1->1 phase=3
TURN call=85 quota=64 hint=4->4 work=3 owners=3 owner_calls=85 event=1 main_cursor=616->616 main_epoch=1->1 phase=3
TURN call=86 quota=64 hint=4->4 work=3 owners=3 owner_calls=86 event=1 main_cursor=616->616 main_epoch=1->1 phase=3
TURN call=87 quota=64 hint=4->4 work=3 owners=3 owner_calls=87 event=1 main_cursor=616->616 main_epoch=1->1 phase=3
TURN call=88 quota=64 hint=4->4 work=3 owners=3 owner_calls=88 event=1 main_cursor=616->616 main_epoch=1->1 phase=3
TURN call=89 quota=64 hint=4->4 work=3 owners=3 owner_calls=89 event=1 main_cursor=616->616 main_epoch=1->1 phase=3
TURN call=90 quota=64 hint=4->4 work=3 owners=3 owner_calls=90 event=1 main_cursor=616->616 main_epoch=1->1 phase=3
TURN call=91 quota=64 hint=4->4 work=3 owners=3 owner_calls=91 event=1 main_cursor=616->616 main_epoch=1->1 phase=3
TURN call=92 quota=64 hint=4->4 work=3 owners=3 owner_calls=92 event=1 main_cursor=616->616 main_epoch=1->1 phase=3
TURN call=93 quota=64 hint=4->4 work=3 owners=3 owner_calls=93 event=1 main_cursor=616->616 main_epoch=1->1 phase=3
TURN call=94 quota=64 hint=4->4 work=3 owners=3 owner_calls=94 event=1 main_cursor=616->616 main_epoch=1->1 phase=3
TURN call=95 quota=64 hint=4->4 work=3 owners=3 owner_calls=95 event=1 main_cursor=616->616 main_epoch=1->1 phase=3
TURN call=96 quota=64 hint=4->4 work=3 owners=3 owner_calls=96 event=1 main_cursor=616->616 main_epoch=1->1 phase=3
TURN call=97 quota=64 hint=4->4 work=3 owners=3 owner_calls=97 event=1 main_cursor=616->616 main_epoch=1->1 phase=3
TURN call=98 quota=64 hint=4->4 work=3 owners=3 owner_calls=98 event=1 main_cursor=616->616 main_epoch=1->1 phase=3
TURN call=99 quota=64 hint=4->4 work=3 owners=3 owner_calls=99 event=1 main_cursor=616->616 main_epoch=1->1 phase=3
TURN call=100 quota=64 hint=4->4 work=3 owners=3 owner_calls=100 event=1 main_cursor=616->616 main_epoch=1->1 phase=3
TURN call=101 quota=64 hint=4->4 work=3 owners=3 owner_calls=101 event=1 main_cursor=616->616 main_epoch=1->1 phase=3
TURN call=102 quota=64 hint=4->4 work=3 owners=3 owner_calls=102 event=1 main_cursor=616->616 main_epoch=1->1 phase=3
TURN call=103 quota=64 hint=4->4 work=3 owners=3 owner_calls=103 event=1 main_cursor=616->616 main_epoch=1->1 phase=3
TURN call=104 quota=64 hint=4->4 work=3 owners=3 owner_calls=104 event=1 main_cursor=616->616 main_epoch=1->1 phase=3
TURN call=105 quota=64 hint=4->4 work=3 owners=3 owner_calls=105 event=1 main_cursor=616->616 main_epoch=1->1 phase=3
TURN call=106 quota=64 hint=4->4 work=3 owners=3 owner_calls=106 event=1 main_cursor=616->616 main_epoch=1->1 phase=3
TURN call=107 quota=64 hint=4->4 work=3 owners=3 owner_calls=107 event=1 main_cursor=616->616 main_epoch=1->1 phase=3
TURN call=108 quota=64 hint=4->4 work=3 owners=3 owner_calls=108 event=1 main_cursor=616->616 main_epoch=1->1 phase=3
TURN call=109 quota=64 hint=4->4 work=3 owners=3 owner_calls=109 event=1 main_cursor=616->616 main_epoch=1->1 phase=3
TURN call=110 quota=64 hint=4->4 work=3 owners=3 owner_calls=110 event=1 main_cursor=616->616 main_epoch=1->1 phase=3
TURN call=111 quota=64 hint=4->4 work=3 owners=3 owner_calls=111 event=1 main_cursor=616->616 main_epoch=1->1 phase=3
TURN call=112 quota=64 hint=4->4 work=3 owners=3 owner_calls=112 event=1 main_cursor=616->616 main_epoch=1->1 phase=3
TURN call=113 quota=64 hint=4->4 work=3 owners=3 owner_calls=113 event=1 main_cursor=616->616 main_epoch=1->1 phase=3
TURN call=114 quota=64 hint=4->4 work=3 owners=3 owner_calls=114 event=1 main_cursor=616->616 main_epoch=1->1 phase=3
TURN call=115 quota=64 hint=4->4 work=3 owners=3 owner_calls=115 event=1 main_cursor=616->616 main_epoch=1->1 phase=3
TURN call=116 quota=64 hint=4->4 work=3 owners=3 owner_calls=116 event=1 main_cursor=616->616 main_epoch=1->1 phase=3
TURN call=117 quota=64 hint=4->4 work=3 owners=3 owner_calls=117 event=1 main_cursor=616->616 main_epoch=1->1 phase=3
TURN call=118 quota=64 hint=4->4 work=3 owners=3 owner_calls=118 event=1 main_cursor=616->616 main_epoch=1->1 phase=3
TURN call=119 quota=64 hint=4->4 work=3 owners=3 owner_calls=119 event=1 main_cursor=616->616 main_epoch=1->1 phase=3
TURN call=120 quota=64 hint=4->4 work=3 owners=3 owner_calls=120 event=1 main_cursor=616->616 main_epoch=1->1 phase=3
TURN call=121 quota=64 hint=4->4 work=3 owners=3 owner_calls=121 event=1 main_cursor=616->616 main_epoch=1->1 phase=3
TURN call=122 quota=64 hint=4->4 work=3 owners=3 owner_calls=122 event=1 main_cursor=616->616 main_epoch=1->1 phase=3
TURN call=123 quota=64 hint=4->4 work=3 owners=3 owner_calls=123 event=1 main_cursor=616->616 main_epoch=1->1 phase=3
TURN call=124 quota=64 hint=4->4 work=3 owners=3 owner_calls=124 event=1 main_cursor=616->616 main_epoch=1->1 phase=3
TURN call=125 quota=64 hint=4->4 work=3 owners=3 owner_calls=125 event=1 main_cursor=616->616 main_epoch=1->1 phase=3
TURN call=126 quota=64 hint=4->4 work=3 owners=3 owner_calls=126 event=1 main_cursor=616->616 main_epoch=1->1 phase=3
TURN call=127 quota=64 hint=4->4 work=3 owners=3 owner_calls=127 event=1 main_cursor=616->616 main_epoch=1->1 phase=3
TURN call=128 quota=64 hint=4->4 work=3 owners=3 owner_calls=128 event=1 main_cursor=616->616 main_epoch=1->1 phase=3
TURN call=129 quota=64 hint=4->4 work=3 owners=3 owner_calls=129 event=1 main_cursor=616->616 main_epoch=1->1 phase=3
TURN call=130 quota=64 hint=4->4 work=3 owners=3 owner_calls=130 event=1 main_cursor=616->616 main_epoch=1->1 phase=3
TURN call=131 quota=64 hint=4->4 work=3 owners=3 owner_calls=131 event=1 main_cursor=616->616 main_epoch=1->1 phase=3
TURN call=132 quota=64 hint=4->4 work=3 owners=3 owner_calls=132 event=1 main_cursor=616->616 main_epoch=1->1 phase=3
TURN call=133 quota=64 hint=4->4 work=3 owners=3 owner_calls=133 event=1 main_cursor=616->616 main_epoch=1->1 phase=3
TURN call=134 quota=64 hint=4->4 work=3 owners=3 owner_calls=134 event=1 main_cursor=616->616 main_epoch=1->1 phase=3
TURN call=135 quota=64 hint=4->4 work=3 owners=3 owner_calls=135 event=1 main_cursor=616->616 main_epoch=1->1 phase=3
TURN call=136 quota=64 hint=4->4 work=3 owners=3 owner_calls=136 event=1 main_cursor=616->616 main_epoch=1->1 phase=3
TURN call=137 quota=64 hint=4->4 work=3 owners=3 owner_calls=137 event=1 main_cursor=616->616 main_epoch=1->1 phase=3
TURN call=138 quota=64 hint=4->4 work=3 owners=3 owner_calls=138 event=1 main_cursor=616->616 main_epoch=1->1 phase=3
TURN call=139 quota=64 hint=4->4 work=3 owners=3 owner_calls=139 event=1 main_cursor=616->616 main_epoch=1->1 phase=3
TURN call=140 quota=64 hint=4->4 work=3 owners=3 owner_calls=140 event=1 main_cursor=616->616 main_epoch=1->1 phase=3
TURN call=141 quota=64 hint=4->4 work=3 owners=3 owner_calls=141 event=1 main_cursor=616->616 main_epoch=1->1 phase=3
TURN call=142 quota=64 hint=4->4 work=3 owners=3 owner_calls=142 event=1 main_cursor=616->616 main_epoch=1->1 phase=3
TURN call=143 quota=64 hint=4->4 work=3 owners=3 owner_calls=143 event=1 main_cursor=616->616 main_epoch=1->1 phase=3
TURN call=144 quota=64 hint=4->4 work=3 owners=3 owner_calls=144 event=1 main_cursor=616->616 main_epoch=1->1 phase=3
TURN call=145 quota=64 hint=4->4 work=3 owners=3 owner_calls=145 event=1 main_cursor=616->616 main_epoch=1->1 phase=3
TURN call=146 quota=64 hint=4->4 work=3 owners=3 owner_calls=146 event=1 main_cursor=616->616 main_epoch=1->1 phase=3
TURN call=147 quota=64 hint=4->4 work=3 owners=3 owner_calls=147 event=1 main_cursor=616->616 main_epoch=1->1 phase=3
TURN call=148 quota=64 hint=4->4 work=3 owners=3 owner_calls=148 event=1 main_cursor=616->616 main_epoch=1->1 phase=3
TURN call=149 quota=64 hint=4->4 work=3 owners=3 owner_calls=149 event=1 main_cursor=616->616 main_epoch=1->1 phase=3
TURN call=150 quota=64 hint=4->4 work=3 owners=3 owner_calls=150 event=1 main_cursor=616->616 main_epoch=1->1 phase=3
TURN call=151 quota=64 hint=4->4 work=3 owners=3 owner_calls=151 event=1 main_cursor=616->616 main_epoch=1->1 phase=3
TURN call=152 quota=64 hint=4->4 work=3 owners=3 owner_calls=152 event=1 main_cursor=616->616 main_epoch=1->1 phase=3
TURN call=153 quota=64 hint=4->4 work=3 owners=3 owner_calls=153 event=1 main_cursor=616->616 main_epoch=1->1 phase=3
TURN call=154 quota=64 hint=4->4 work=3 owners=3 owner_calls=154 event=1 main_cursor=616->616 main_epoch=1->1 phase=3
TURN call=155 quota=64 hint=4->4 work=3 owners=3 owner_calls=155 event=1 main_cursor=616->616 main_epoch=1->1 phase=3
TURN call=156 quota=64 hint=4->4 work=3 owners=3 owner_calls=156 event=1 main_cursor=616->616 main_epoch=1->1 phase=3
TURN call=157 quota=64 hint=4->4 work=3 owners=3 owner_calls=157 event=1 main_cursor=616->616 main_epoch=1->1 phase=3
TURN call=158 quota=64 hint=4->4 work=3 owners=3 owner_calls=158 event=1 main_cursor=616->616 main_epoch=1->1 phase=3
TURN call=159 quota=64 hint=4->4 work=3 owners=3 owner_calls=159 event=1 main_cursor=616->616 main_epoch=1->1 phase=3
TURN call=160 quota=64 hint=4->4 work=3 owners=3 owner_calls=160 event=1 main_cursor=616->616 main_epoch=1->1 phase=3
TURN call=161 quota=64 hint=4->4 work=3 owners=3 owner_calls=161 event=1 main_cursor=616->616 main_epoch=1->1 phase=3
TURN call=162 quota=64 hint=4->4 work=3 owners=3 owner_calls=162 event=1 main_cursor=616->616 main_epoch=1->1 phase=3
TURN call=163 quota=64 hint=4->4 work=3 owners=3 owner_calls=163 event=1 main_cursor=616->616 main_epoch=1->1 phase=3
TURN call=164 quota=64 hint=4->4 work=3 owners=3 owner_calls=164 event=1 main_cursor=616->616 main_epoch=1->1 phase=3
TURN call=165 quota=64 hint=4->4 work=3 owners=3 owner_calls=165 event=1 main_cursor=616->616 main_epoch=1->1 phase=3
TURN call=166 quota=64 hint=4->4 work=3 owners=3 owner_calls=166 event=1 main_cursor=616->616 main_epoch=1->1 phase=3
TURN call=167 quota=64 hint=4->4 work=3 owners=3 owner_calls=167 event=1 main_cursor=616->616 main_epoch=1->1 phase=3
TURN call=168 quota=64 hint=4->4 work=3 owners=3 owner_calls=168 event=1 main_cursor=616->616 main_epoch=1->1 phase=3
TURN call=169 quota=64 hint=4->4 work=3 owners=3 owner_calls=169 event=1 main_cursor=616->616 main_epoch=1->1 phase=3
TURN call=170 quota=64 hint=4->4 work=3 owners=3 owner_calls=170 event=1 main_cursor=616->616 main_epoch=1->1 phase=3
TURN call=171 quota=64 hint=4->4 work=3 owners=3 owner_calls=171 event=1 main_cursor=616->616 main_epoch=1->1 phase=3
TURN call=172 quota=64 hint=4->4 work=3 owners=3 owner_calls=172 event=1 main_cursor=616->616 main_epoch=1->1 phase=3
TURN call=173 quota=64 hint=4->4 work=3 owners=3 owner_calls=173 event=1 main_cursor=616->616 main_epoch=1->1 phase=3
TURN call=174 quota=64 hint=4->4 work=3 owners=3 owner_calls=174 event=1 main_cursor=616->616 main_epoch=1->1 phase=3
TURN call=175 quota=64 hint=4->4 work=3 owners=3 owner_calls=175 event=1 main_cursor=616->616 main_epoch=1->1 phase=3
TURN call=176 quota=64 hint=4->4 work=3 owners=3 owner_calls=176 event=1 main_cursor=616->616 main_epoch=1->1 phase=3
TURN call=177 quota=64 hint=4->4 work=3 owners=3 owner_calls=177 event=1 main_cursor=616->616 main_epoch=1->1 phase=3
TURN call=178 quota=64 hint=4->4 work=3 owners=3 owner_calls=178 event=1 main_cursor=616->616 main_epoch=1->1 phase=3
TURN call=179 quota=64 hint=4->4 work=3 owners=3 owner_calls=179 event=1 main_cursor=616->616 main_epoch=1->1 phase=3
TURN call=180 quota=64 hint=4->4 work=3 owners=3 owner_calls=180 event=1 main_cursor=616->616 main_epoch=1->1 phase=3
TURN call=181 quota=64 hint=4->4 work=3 owners=3 owner_calls=181 event=1 main_cursor=616->616 main_epoch=1->1 phase=3
TURN call=182 quota=64 hint=4->4 work=3 owners=3 owner_calls=182 event=1 main_cursor=616->616 main_epoch=1->1 phase=3
TURN call=183 quota=64 hint=4->4 work=3 owners=3 owner_calls=183 event=1 main_cursor=616->616 main_epoch=1->1 phase=3
TURN call=184 quota=64 hint=4->4 work=3 owners=3 owner_calls=184 event=1 main_cursor=616->616 main_epoch=1->1 phase=3
TURN call=185 quota=64 hint=4->4 work=3 owners=3 owner_calls=185 event=1 main_cursor=616->616 main_epoch=1->1 phase=3
TURN call=186 quota=64 hint=4->4 work=3 owners=3 owner_calls=186 event=1 main_cursor=616->616 main_epoch=1->1 phase=3
TURN call=187 quota=64 hint=4->4 work=3 owners=3 owner_calls=187 event=1 main_cursor=616->616 main_epoch=1->1 phase=3
TURN call=188 quota=64 hint=4->4 work=3 owners=3 owner_calls=188 event=1 main_cursor=616->616 main_epoch=1->1 phase=3
TURN call=189 quota=64 hint=4->4 work=3 owners=3 owner_calls=189 event=1 main_cursor=616->616 main_epoch=1->1 phase=3
TURN call=190 quota=64 hint=4->4 work=3 owners=3 owner_calls=190 event=1 main_cursor=616->616 main_epoch=1->1 phase=3
TURN call=191 quota=64 hint=4->4 work=3 owners=3 owner_calls=191 event=1 main_cursor=616->616 main_epoch=1->1 phase=3
TURN call=192 quota=64 hint=4->4 work=3 owners=3 owner_calls=192 event=1 main_cursor=616->616 main_epoch=1->1 phase=3
TURN call=193 quota=64 hint=4->4 work=3 owners=3 owner_calls=193 event=1 main_cursor=616->616 main_epoch=1->1 phase=3
TURN call=194 quota=64 hint=4->4 work=3 owners=3 owner_calls=194 event=1 main_cursor=616->616 main_epoch=1->1 phase=3
TURN call=195 quota=64 hint=4->4 work=3 owners=3 owner_calls=195 event=1 main_cursor=616->616 main_epoch=1->1 phase=3
TURN call=196 quota=64 hint=4->4 work=3 owners=3 owner_calls=196 event=1 main_cursor=616->616 main_epoch=1->1 phase=3
TURN call=197 quota=64 hint=4->4 work=3 owners=3 owner_calls=197 event=1 main_cursor=616->616 main_epoch=1->1 phase=3
TURN call=198 quota=64 hint=4->4 work=3 owners=3 owner_calls=198 event=1 main_cursor=616->616 main_epoch=1->1 phase=3
TURN call=199 quota=64 hint=4->4 work=3 owners=3 owner_calls=199 event=1 main_cursor=616->616 main_epoch=1->1 phase=3
TURN call=200 quota=64 hint=4->4 work=3 owners=3 owner_calls=200 event=1 main_cursor=616->616 main_epoch=1->1 phase=3
TURN call=201 quota=64 hint=4->4 work=3 owners=3 owner_calls=201 event=1 main_cursor=616->616 main_epoch=1->1 phase=3
TURN call=202 quota=64 hint=4->4 work=3 owners=3 owner_calls=202 event=1 main_cursor=616->616 main_epoch=1->1 phase=3
TURN call=203 quota=64 hint=4->4 work=3 owners=3 owner_calls=203 event=1 main_cursor=616->616 main_epoch=1->1 phase=3
TURN call=204 quota=64 hint=4->4 work=3 owners=3 owner_calls=204 event=1 main_cursor=616->616 main_epoch=1->1 phase=3
TURN call=205 quota=64 hint=4->4 work=3 owners=3 owner_calls=205 event=1 main_cursor=616->616 main_epoch=1->1 phase=3
TURN call=206 quota=64 hint=4->4 work=3 owners=3 owner_calls=206 event=1 main_cursor=616->616 main_epoch=1->1 phase=3
TURN call=207 quota=64 hint=4->4 work=3 owners=3 owner_calls=207 event=1 main_cursor=616->616 main_epoch=1->1 phase=3
TURN call=208 quota=64 hint=4->4 work=3 owners=3 owner_calls=208 event=1 main_cursor=616->616 main_epoch=1->1 phase=3
TURN call=209 quota=64 hint=4->4 work=3 owners=3 owner_calls=209 event=1 main_cursor=616->616 main_epoch=1->1 phase=3
TURN call=210 quota=64 hint=4->4 work=3 owners=3 owner_calls=210 event=1 main_cursor=616->616 main_epoch=1->1 phase=3
TURN call=211 quota=64 hint=4->4 work=3 owners=3 owner_calls=211 event=1 main_cursor=616->616 main_epoch=1->1 phase=3
TURN call=212 quota=64 hint=4->4 work=3 owners=3 owner_calls=212 event=1 main_cursor=616->616 main_epoch=1->1 phase=3
TURN call=213 quota=64 hint=4->4 work=3 owners=3 owner_calls=213 event=1 main_cursor=616->616 main_epoch=1->1 phase=3
TURN call=214 quota=64 hint=4->4 work=3 owners=3 owner_calls=214 event=1 main_cursor=616->616 main_epoch=1->1 phase=3
TURN call=215 quota=64 hint=4->4 work=3 owners=3 owner_calls=215 event=1 main_cursor=616->616 main_epoch=1->1 phase=3
TURN call=216 quota=64 hint=4->4 work=3 owners=3 owner_calls=216 event=1 main_cursor=616->616 main_epoch=1->1 phase=3
TURN call=217 quota=64 hint=4->4 work=3 owners=3 owner_calls=217 event=1 main_cursor=616->616 main_epoch=1->1 phase=3
TURN call=218 quota=64 hint=4->4 work=3 owners=3 owner_calls=218 event=1 main_cursor=616->616 main_epoch=1->1 phase=3
TURN call=219 quota=64 hint=4->4 work=3 owners=3 owner_calls=219 event=1 main_cursor=616->616 main_epoch=1->1 phase=3
TURN call=220 quota=64 hint=4->4 work=3 owners=3 owner_calls=220 event=1 main_cursor=616->616 main_epoch=1->1 phase=3
TURN call=221 quota=64 hint=4->4 work=3 owners=3 owner_calls=221 event=1 main_cursor=616->616 main_epoch=1->1 phase=3
TURN call=222 quota=64 hint=4->4 work=3 owners=3 owner_calls=222 event=1 main_cursor=616->616 main_epoch=1->1 phase=3
TURN call=223 quota=64 hint=4->4 work=3 owners=3 owner_calls=223 event=1 main_cursor=616->616 main_epoch=1->1 phase=3
TURN call=224 quota=64 hint=4->4 work=3 owners=3 owner_calls=224 event=1 main_cursor=616->616 main_epoch=1->1 phase=3
TURN call=225 quota=64 hint=4->4 work=3 owners=3 owner_calls=225 event=1 main_cursor=616->616 main_epoch=1->1 phase=3
TURN call=226 quota=64 hint=4->4 work=3 owners=3 owner_calls=226 event=1 main_cursor=616->616 main_epoch=1->1 phase=3
TURN call=227 quota=64 hint=4->4 work=3 owners=3 owner_calls=227 event=1 main_cursor=616->616 main_epoch=1->1 phase=3
TURN call=228 quota=64 hint=4->4 work=3 owners=3 owner_calls=228 event=1 main_cursor=616->616 main_epoch=1->1 phase=3
TURN call=229 quota=64 hint=4->4 work=3 owners=3 owner_calls=229 event=1 main_cursor=616->616 main_epoch=1->1 phase=3
TURN call=230 quota=64 hint=4->4 work=3 owners=3 owner_calls=230 event=1 main_cursor=616->616 main_epoch=1->1 phase=3
TURN call=231 quota=64 hint=4->4 work=3 owners=3 owner_calls=231 event=1 main_cursor=616->616 main_epoch=1->1 phase=3
TURN call=232 quota=64 hint=4->4 work=3 owners=3 owner_calls=232 event=1 main_cursor=616->616 main_epoch=1->1 phase=3
TURN call=233 quota=64 hint=4->4 work=3 owners=3 owner_calls=233 event=1 main_cursor=616->616 main_epoch=1->1 phase=3
TURN call=234 quota=64 hint=4->4 work=3 owners=3 owner_calls=234 event=1 main_cursor=616->616 main_epoch=1->1 phase=3
TURN call=235 quota=64 hint=4->4 work=3 owners=3 owner_calls=235 event=1 main_cursor=616->616 main_epoch=1->1 phase=3
TURN call=236 quota=64 hint=4->4 work=3 owners=3 owner_calls=236 event=1 main_cursor=616->616 main_epoch=1->1 phase=3
TURN call=237 quota=64 hint=4->4 work=3 owners=3 owner_calls=237 event=1 main_cursor=616->616 main_epoch=1->1 phase=3
TURN call=238 quota=64 hint=4->4 work=3 owners=3 owner_calls=238 event=1 main_cursor=616->616 main_epoch=1->1 phase=3
TURN call=239 quota=64 hint=4->4 work=3 owners=3 owner_calls=239 event=1 main_cursor=616->616 main_epoch=1->1 phase=3
TURN call=240 quota=64 hint=4->4 work=3 owners=3 owner_calls=240 event=1 main_cursor=616->616 main_epoch=1->1 phase=3
TURN call=241 quota=64 hint=4->4 work=3 owners=3 owner_calls=241 event=1 main_cursor=616->616 main_epoch=1->1 phase=3
TURN call=242 quota=64 hint=4->4 work=3 owners=3 owner_calls=242 event=1 main_cursor=616->616 main_epoch=1->1 phase=3
TURN call=243 quota=64 hint=4->4 work=3 owners=3 owner_calls=243 event=1 main_cursor=616->616 main_epoch=1->1 phase=3
TURN call=244 quota=64 hint=4->4 work=3 owners=3 owner_calls=244 event=1 main_cursor=616->616 main_epoch=1->1 phase=3
TURN call=245 quota=64 hint=4->4 work=3 owners=3 owner_calls=245 event=1 main_cursor=616->616 main_epoch=1->1 phase=3
TURN call=246 quota=64 hint=4->4 work=3 owners=3 owner_calls=246 event=1 main_cursor=616->616 main_epoch=1->1 phase=3
TURN call=247 quota=64 hint=4->4 work=3 owners=3 owner_calls=247 event=1 main_cursor=616->616 main_epoch=1->1 phase=3
TURN call=248 quota=64 hint=4->4 work=3 owners=3 owner_calls=248 event=1 main_cursor=616->616 main_epoch=1->1 phase=3
TURN call=249 quota=64 hint=4->4 work=3 owners=3 owner_calls=249 event=1 main_cursor=616->616 main_epoch=1->1 phase=3
TURN call=250 quota=64 hint=4->4 work=3 owners=3 owner_calls=250 event=1 main_cursor=616->616 main_epoch=1->1 phase=3
TURN call=251 quota=64 hint=4->4 work=3 owners=3 owner_calls=251 event=1 main_cursor=616->616 main_epoch=1->1 phase=3
TURN call=252 quota=64 hint=4->4 work=3 owners=3 owner_calls=252 event=1 main_cursor=616->616 main_epoch=1->1 phase=3
TURN call=253 quota=64 hint=4->4 work=3 owners=3 owner_calls=253 event=1 main_cursor=616->616 main_epoch=1->1 phase=3
TURN call=254 quota=64 hint=4->4 work=3 owners=3 owner_calls=254 event=1 main_cursor=616->616 main_epoch=1->1 phase=3
TURN call=255 quota=64 hint=4->4 work=3 owners=3 owner_calls=255 event=1 main_cursor=616->616 main_epoch=1->1 phase=3
TURN call=256 quota=64 hint=4->4 work=3 owners=3 owner_calls=256 event=1 main_cursor=616->616 main_epoch=1->1 phase=3
HELD count=3 quota=64 workers=0 ns=3520185 events=256 parks=0 runs=770 eligible_done=1 first_done_call=4 first_done_owner_call=4 eligible_turns=4 first_turn=1 max_gap=1 fairness=1 reset=0,1,0 hint=4 detach_saved=0
STATE held-blocker phase=3 cycle=1 deferred=257 owner_runs=776 arenas=1 ptr=0x7f26eb460000 cell=4093 block=1 root=1 life=2 ready=0 mark=1 flags=25 cursor=616 late=0 retire=37 quarantine=0x7f26eb460000 owned=(nil)
STATE held-blocker phase=3 cycle=1 deferred=257 owner_runs=776 arenas=1 ptr=0x7f26eaae0000 cell=4093 block=1 root=1 life=2 ready=0 mark=1 flags=25 cursor=616 late=0 retire=37 quarantine=0x7f26eaae0000 owned=(nil)
STATE held-blocker phase=3 cycle=1 deferred=257 owner_runs=776 arenas=1 ptr=0x7f26ea160000 cell=4093 block=1 root=1 life=2 ready=0 mark=1 flags=25 cursor=616 late=0 retire=37 quarantine=0x7f26ea160000 owned=(nil)
RELEASED result=1 phase=0 ns=810946 hint=4 main_tid=1
t-fair-owner OK
TAIL tid=2 fillers=1159 cell=4093 cells=4096 size=48
TAIL tid=3 fillers=1159 cell=4093 cells=4096 size=48
TAIL tid=4 fillers=1159 cell=4093 cells=4096 size=48
INITIAL result=0 ns=929096 count=3 quota=64 workers=2 cycle=1 main_tid=1 hint=2 eligible_epoch=0 cursor=616
STATE initial-blocker phase=3 cycle=1 deferred=1 owner_runs=6 arenas=0 ptr=0x7fd11c750000 cell=4093 block=1 root=1 life=2 ready=0 mark=1 flags=25 cursor=616 late=0 retire=37 quarantine=0x7fd11c750000 owned=(nil)
STATE initial-blocker phase=3 cycle=1 deferred=1 owner_runs=6 arenas=0 ptr=0x7fd11c5d0000 cell=4093 block=1 root=1 life=2 ready=0 mark=1 flags=25 cursor=1192 late=0 retire=37 quarantine=0x7fd11c5d0000 owned=(nil)
STATE initial-blocker phase=3 cycle=1 deferred=1 owner_runs=6 arenas=0 ptr=0x7fd11c450000 cell=4093 block=1 root=1 life=2 ready=0 mark=1 flags=25 cursor=616 late=0 retire=37 quarantine=0x7fd11c450000 owned=(nil)
HELD count=3 quota=64 workers=2 ns=157460294 events=242 parks=246 runs=728 eligible_done=1 first_done_call=0 first_done_owner_call=0 eligible_turns=0 first_turn=0 max_gap=0 fairness=1 reset=0,0,0 hint=6 detach_saved=0
STATE held-blocker phase=3 cycle=1 deferred=243 owner_runs=734 arenas=1 ptr=0x7fd11c750000 cell=4093 block=1 root=1 life=2 ready=0 mark=1 flags=25 cursor=616 late=0 retire=37 quarantine=0x7fd11c750000 owned=(nil)
STATE held-blocker phase=3 cycle=1 deferred=243 owner_runs=734 arenas=1 ptr=0x7fd11c5d0000 cell=4093 block=1 root=1 life=2 ready=0 mark=1 flags=25 cursor=616 late=0 retire=37 quarantine=0x7fd11c5d0000 owned=(nil)
STATE held-blocker phase=3 cycle=1 deferred=243 owner_runs=734 arenas=1 ptr=0x7fd11c450000 cell=4093 block=1 root=1 life=2 ready=0 mark=1 flags=25 cursor=616 late=0 retire=37 quarantine=0x7fd11c450000 owned=(nil)
RELEASED result=1 phase=0 ns=853111 hint=6 main_tid=1
t-fair-owner OK
TAIL tid=2 fillers=1159 cell=4093 cells=4096 size=48
TAIL tid=3 fillers=1159 cell=4093 cells=4096 size=48
TAIL tid=4 fillers=1159 cell=4093 cells=4096 size=48
INITIAL result=0 ns=905811 count=3 quota=1 workers=0 cycle=1 main_tid=1 hint=2 eligible_epoch=0 cursor=616
STATE initial-blocker phase=3 cycle=1 deferred=1 owner_runs=6 arenas=0 ptr=0x7f8b2f810000 cell=4093 block=1 root=1 life=2 ready=0 mark=1 flags=25 cursor=616 late=0 retire=37 quarantine=0x7f8b2f810000 owned=(nil)
STATE initial-blocker phase=3 cycle=1 deferred=1 owner_runs=6 arenas=0 ptr=0x7f8b2ee90000 cell=4093 block=1 root=1 life=2 ready=0 mark=1 flags=25 cursor=1192 late=0 retire=37 quarantine=0x7f8b2ee90000 owned=(nil)
STATE initial-blocker phase=3 cycle=1 deferred=1 owner_runs=6 arenas=0 ptr=0x7f8b2e510000 cell=4093 block=1 root=1 life=2 ready=0 mark=1 flags=25 cursor=616 late=0 retire=37 quarantine=0x7f8b2e510000 owned=(nil)
TURN call=1 quota=1 hint=2->1 work=1 owners=1 owner_calls=1 event=0 main_cursor=616->616 main_epoch=0->0 phase=3
TURN call=2 quota=1 hint=1->4 work=1 owners=1 owner_calls=2 event=0 main_cursor=616->806 main_epoch=0->0 phase=3
TURN call=3 quota=1 hint=4->3 work=1 owners=1 owner_calls=3 event=0 main_cursor=806->806 main_epoch=0->0 phase=3
TURN call=4 quota=1 hint=3->2 work=1 owners=1 owner_calls=4 event=0 main_cursor=806->806 main_epoch=0->0 phase=3
TURN call=5 quota=1 hint=2->1 work=1 owners=1 owner_calls=5 event=0 main_cursor=806->806 main_epoch=0->0 phase=3
TURN call=6 quota=1 hint=1->4 work=1 owners=1 owner_calls=6 event=0 main_cursor=806->870 main_epoch=0->0 phase=3
TURN call=7 quota=1 hint=4->2 work=1 owners=1 owner_calls=7 event=1 main_cursor=870->870 main_epoch=0->0 phase=3
TURN call=8 quota=1 hint=2->1 work=1 owners=1 owner_calls=8 event=0 main_cursor=870->870 main_epoch=0->0 phase=3
TURN call=9 quota=1 hint=1->4 work=1 owners=1 owner_calls=9 event=0 main_cursor=870->934 main_epoch=0->0 phase=3
TURN call=10 quota=1 hint=4->3 work=1 owners=1 owner_calls=10 event=0 main_cursor=934->934 main_epoch=0->0 phase=3
TURN call=11 quota=1 hint=3->2 work=1 owners=1 owner_calls=11 event=0 main_cursor=934->934 main_epoch=0->0 phase=3
TURN call=12 quota=1 hint=2->1 work=1 owners=1 owner_calls=12 event=0 main_cursor=934->934 main_epoch=0->0 phase=3
TURN call=13 quota=1 hint=1->4 work=1 owners=1 owner_calls=13 event=0 main_cursor=934->998 main_epoch=0->0 phase=3
TURN call=14 quota=1 hint=4->2 work=1 owners=1 owner_calls=14 event=1 main_cursor=998->998 main_epoch=0->0 phase=3
TURN call=15 quota=1 hint=2->1 work=1 owners=1 owner_calls=15 event=0 main_cursor=998->998 main_epoch=0->0 phase=3
TURN call=16 quota=1 hint=1->4 work=1 owners=1 owner_calls=16 event=0 main_cursor=998->1062 main_epoch=0->0 phase=3
TURN call=17 quota=1 hint=4->3 work=1 owners=1 owner_calls=17 event=0 main_cursor=1062->1062 main_epoch=0->0 phase=3
TURN call=18 quota=1 hint=3->2 work=1 owners=1 owner_calls=18 event=0 main_cursor=1062->1062 main_epoch=0->0 phase=3
TURN call=19 quota=1 hint=2->1 work=1 owners=1 owner_calls=19 event=0 main_cursor=1062->1062 main_epoch=0->0 phase=3
TURN call=20 quota=1 hint=1->4 work=1 owners=1 owner_calls=20 event=0 main_cursor=1062->1126 main_epoch=0->0 phase=3
TURN call=21 quota=1 hint=4->2 work=1 owners=1 owner_calls=21 event=1 main_cursor=1126->1126 main_epoch=0->0 phase=3
TURN call=22 quota=1 hint=2->1 work=1 owners=1 owner_calls=22 event=0 main_cursor=1126->1126 main_epoch=0->0 phase=3
TURN call=23 quota=1 hint=1->4 work=1 owners=1 owner_calls=23 event=0 main_cursor=1126->1190 main_epoch=0->0 phase=3
TURN call=24 quota=1 hint=4->3 work=1 owners=1 owner_calls=24 event=0 main_cursor=1190->1190 main_epoch=0->0 phase=3
TURN call=25 quota=1 hint=3->2 work=1 owners=1 owner_calls=25 event=0 main_cursor=1190->1190 main_epoch=0->0 phase=3
TURN call=26 quota=1 hint=2->1 work=1 owners=1 owner_calls=26 event=0 main_cursor=1190->1190 main_epoch=0->0 phase=3
TURN call=27 quota=1 hint=1->4 work=1 owners=1 owner_calls=27 event=0 main_cursor=1190->1254 main_epoch=0->0 phase=3
TURN call=28 quota=1 hint=4->2 work=1 owners=1 owner_calls=28 event=1 main_cursor=1254->1254 main_epoch=0->0 phase=3
TURN call=29 quota=1 hint=2->1 work=1 owners=1 owner_calls=29 event=0 main_cursor=1254->1254 main_epoch=0->0 phase=3
TURN call=30 quota=1 hint=1->4 work=1 owners=1 owner_calls=30 event=0 main_cursor=1254->1318 main_epoch=0->0 phase=3
TURN call=31 quota=1 hint=4->3 work=1 owners=1 owner_calls=31 event=0 main_cursor=1318->1318 main_epoch=0->0 phase=3
TURN call=32 quota=1 hint=3->2 work=1 owners=1 owner_calls=32 event=0 main_cursor=1318->1318 main_epoch=0->0 phase=3
TURN call=33 quota=1 hint=2->1 work=1 owners=1 owner_calls=33 event=0 main_cursor=1318->1318 main_epoch=0->0 phase=3
TURN call=34 quota=1 hint=1->4 work=1 owners=1 owner_calls=34 event=0 main_cursor=1318->1382 main_epoch=0->0 phase=3
TURN call=35 quota=1 hint=4->2 work=1 owners=1 owner_calls=35 event=1 main_cursor=1382->1382 main_epoch=0->0 phase=3
TURN call=36 quota=1 hint=2->1 work=1 owners=1 owner_calls=36 event=0 main_cursor=1382->1382 main_epoch=0->0 phase=3
TURN call=37 quota=1 hint=1->4 work=1 owners=1 owner_calls=37 event=0 main_cursor=1382->1446 main_epoch=0->0 phase=3
TURN call=38 quota=1 hint=4->3 work=1 owners=1 owner_calls=38 event=0 main_cursor=1446->1446 main_epoch=0->0 phase=3
TURN call=39 quota=1 hint=3->2 work=1 owners=1 owner_calls=39 event=0 main_cursor=1446->1446 main_epoch=0->0 phase=3
TURN call=40 quota=1 hint=2->1 work=1 owners=1 owner_calls=40 event=0 main_cursor=1446->1446 main_epoch=0->0 phase=3
TURN call=41 quota=1 hint=1->4 work=1 owners=1 owner_calls=41 event=0 main_cursor=1446->1510 main_epoch=0->0 phase=3
TURN call=42 quota=1 hint=4->2 work=1 owners=1 owner_calls=42 event=1 main_cursor=1510->1510 main_epoch=0->0 phase=3
TURN call=43 quota=1 hint=2->1 work=1 owners=1 owner_calls=43 event=0 main_cursor=1510->1510 main_epoch=0->0 phase=3
TURN call=44 quota=1 hint=1->4 work=1 owners=1 owner_calls=44 event=0 main_cursor=1510->1574 main_epoch=0->0 phase=3
TURN call=45 quota=1 hint=4->3 work=1 owners=1 owner_calls=45 event=0 main_cursor=1574->1574 main_epoch=0->0 phase=3
TURN call=46 quota=1 hint=3->2 work=1 owners=1 owner_calls=46 event=0 main_cursor=1574->1574 main_epoch=0->0 phase=3
TURN call=47 quota=1 hint=2->1 work=1 owners=1 owner_calls=47 event=0 main_cursor=1574->1574 main_epoch=0->0 phase=3
TURN call=48 quota=1 hint=1->4 work=1 owners=1 owner_calls=48 event=0 main_cursor=1574->1638 main_epoch=0->0 phase=3
TURN call=49 quota=1 hint=4->2 work=1 owners=1 owner_calls=49 event=1 main_cursor=1638->1638 main_epoch=0->0 phase=3
TURN call=50 quota=1 hint=2->1 work=1 owners=1 owner_calls=50 event=0 main_cursor=1638->1638 main_epoch=0->0 phase=3
TURN call=51 quota=1 hint=1->4 work=1 owners=1 owner_calls=51 event=0 main_cursor=1638->1702 main_epoch=0->0 phase=3
TURN call=52 quota=1 hint=4->3 work=1 owners=1 owner_calls=52 event=0 main_cursor=1702->1702 main_epoch=0->0 phase=3
TURN call=53 quota=1 hint=3->2 work=1 owners=1 owner_calls=53 event=0 main_cursor=1702->1702 main_epoch=0->0 phase=3
TURN call=54 quota=1 hint=2->1 work=1 owners=1 owner_calls=54 event=0 main_cursor=1702->1702 main_epoch=0->0 phase=3
TURN call=55 quota=1 hint=1->4 work=1 owners=1 owner_calls=55 event=0 main_cursor=1702->1766 main_epoch=0->0 phase=3
TURN call=56 quota=1 hint=4->2 work=1 owners=1 owner_calls=56 event=1 main_cursor=1766->1766 main_epoch=0->0 phase=3
TURN call=57 quota=1 hint=2->1 work=1 owners=1 owner_calls=57 event=0 main_cursor=1766->1766 main_epoch=0->0 phase=3
TURN call=58 quota=1 hint=1->4 work=1 owners=1 owner_calls=58 event=0 main_cursor=1766->1830 main_epoch=0->0 phase=3
TURN call=59 quota=1 hint=4->3 work=1 owners=1 owner_calls=59 event=0 main_cursor=1830->1830 main_epoch=0->0 phase=3
TURN call=60 quota=1 hint=3->2 work=1 owners=1 owner_calls=60 event=0 main_cursor=1830->1830 main_epoch=0->0 phase=3
TURN call=61 quota=1 hint=2->1 work=1 owners=1 owner_calls=61 event=0 main_cursor=1830->1830 main_epoch=0->0 phase=3
TURN call=62 quota=1 hint=1->4 work=1 owners=1 owner_calls=62 event=0 main_cursor=1830->1894 main_epoch=0->0 phase=3
TURN call=63 quota=1 hint=4->2 work=1 owners=1 owner_calls=63 event=1 main_cursor=1894->1894 main_epoch=0->0 phase=3
TURN call=64 quota=1 hint=2->1 work=1 owners=1 owner_calls=64 event=0 main_cursor=1894->1894 main_epoch=0->0 phase=3
TURN call=65 quota=1 hint=1->4 work=1 owners=1 owner_calls=65 event=0 main_cursor=1894->1958 main_epoch=0->0 phase=3
TURN call=66 quota=1 hint=4->3 work=1 owners=1 owner_calls=66 event=0 main_cursor=1958->1958 main_epoch=0->0 phase=3
TURN call=67 quota=1 hint=3->2 work=1 owners=1 owner_calls=67 event=0 main_cursor=1958->1958 main_epoch=0->0 phase=3
TURN call=68 quota=1 hint=2->1 work=1 owners=1 owner_calls=68 event=0 main_cursor=1958->1958 main_epoch=0->0 phase=3
TURN call=69 quota=1 hint=1->4 work=1 owners=1 owner_calls=69 event=0 main_cursor=1958->2022 main_epoch=0->0 phase=3
TURN call=70 quota=1 hint=4->2 work=1 owners=1 owner_calls=70 event=1 main_cursor=2022->2022 main_epoch=0->0 phase=3
TURN call=71 quota=1 hint=2->1 work=1 owners=1 owner_calls=71 event=0 main_cursor=2022->2022 main_epoch=0->0 phase=3
TURN call=72 quota=1 hint=1->4 work=1 owners=1 owner_calls=72 event=0 main_cursor=2022->2086 main_epoch=0->0 phase=3
TURN call=73 quota=1 hint=4->3 work=1 owners=1 owner_calls=73 event=0 main_cursor=2086->2086 main_epoch=0->0 phase=3
TURN call=74 quota=1 hint=3->2 work=1 owners=1 owner_calls=74 event=0 main_cursor=2086->2086 main_epoch=0->0 phase=3
TURN call=75 quota=1 hint=2->1 work=1 owners=1 owner_calls=75 event=0 main_cursor=2086->2086 main_epoch=0->0 phase=3
TURN call=76 quota=1 hint=1->4 work=1 owners=1 owner_calls=76 event=0 main_cursor=2086->2150 main_epoch=0->0 phase=3
TURN call=77 quota=1 hint=4->2 work=1 owners=1 owner_calls=77 event=1 main_cursor=2150->2150 main_epoch=0->0 phase=3
TURN call=78 quota=1 hint=2->1 work=1 owners=1 owner_calls=78 event=0 main_cursor=2150->2150 main_epoch=0->0 phase=3
TURN call=79 quota=1 hint=1->4 work=1 owners=1 owner_calls=79 event=0 main_cursor=2150->2214 main_epoch=0->0 phase=3
TURN call=80 quota=1 hint=4->3 work=1 owners=1 owner_calls=80 event=0 main_cursor=2214->2214 main_epoch=0->0 phase=3
TURN call=81 quota=1 hint=3->2 work=1 owners=1 owner_calls=81 event=0 main_cursor=2214->2214 main_epoch=0->0 phase=3
TURN call=82 quota=1 hint=2->1 work=1 owners=1 owner_calls=82 event=0 main_cursor=2214->2214 main_epoch=0->0 phase=3
TURN call=83 quota=1 hint=1->4 work=1 owners=1 owner_calls=83 event=0 main_cursor=2214->2278 main_epoch=0->0 phase=3
TURN call=84 quota=1 hint=4->2 work=1 owners=1 owner_calls=84 event=1 main_cursor=2278->2278 main_epoch=0->0 phase=3
TURN call=85 quota=1 hint=2->1 work=1 owners=1 owner_calls=85 event=0 main_cursor=2278->2278 main_epoch=0->0 phase=3
TURN call=86 quota=1 hint=1->4 work=1 owners=1 owner_calls=86 event=0 main_cursor=2278->2342 main_epoch=0->0 phase=3
TURN call=87 quota=1 hint=4->3 work=1 owners=1 owner_calls=87 event=0 main_cursor=2342->2342 main_epoch=0->0 phase=3
TURN call=88 quota=1 hint=3->2 work=1 owners=1 owner_calls=88 event=0 main_cursor=2342->2342 main_epoch=0->0 phase=3
TURN call=89 quota=1 hint=2->1 work=1 owners=1 owner_calls=89 event=0 main_cursor=2342->2342 main_epoch=0->0 phase=3
TURN call=90 quota=1 hint=1->4 work=1 owners=1 owner_calls=90 event=0 main_cursor=2342->2406 main_epoch=0->0 phase=3
TURN call=91 quota=1 hint=4->2 work=1 owners=1 owner_calls=91 event=1 main_cursor=2406->2406 main_epoch=0->0 phase=3
TURN call=92 quota=1 hint=2->1 work=1 owners=1 owner_calls=92 event=0 main_cursor=2406->2406 main_epoch=0->0 phase=3
TURN call=93 quota=1 hint=1->3 work=1 owners=1 owner_calls=93 event=0 main_cursor=2406->616 main_epoch=0->0 phase=3
TURN call=94 quota=1 hint=3->2 work=1 owners=1 owner_calls=94 event=0 main_cursor=616->616 main_epoch=0->0 phase=3
TURN call=95 quota=1 hint=2->1 work=1 owners=1 owner_calls=95 event=0 main_cursor=616->616 main_epoch=0->0 phase=3
TURN call=96 quota=1 hint=1->4 work=1 owners=1 owner_calls=96 event=0 main_cursor=616->806 main_epoch=0->0 phase=3
TURN call=97 quota=1 hint=4->2 work=1 owners=1 owner_calls=97 event=1 main_cursor=806->806 main_epoch=0->0 phase=3
TURN call=98 quota=1 hint=2->1 work=1 owners=1 owner_calls=98 event=0 main_cursor=806->806 main_epoch=0->0 phase=3
TURN call=99 quota=1 hint=1->4 work=1 owners=1 owner_calls=99 event=0 main_cursor=806->870 main_epoch=0->0 phase=3
TURN call=100 quota=1 hint=4->3 work=1 owners=1 owner_calls=100 event=0 main_cursor=870->870 main_epoch=0->0 phase=3
TURN call=101 quota=1 hint=3->2 work=1 owners=1 owner_calls=101 event=0 main_cursor=870->870 main_epoch=0->0 phase=3
TURN call=102 quota=1 hint=2->1 work=1 owners=1 owner_calls=102 event=0 main_cursor=870->870 main_epoch=0->0 phase=3
TURN call=103 quota=1 hint=1->4 work=1 owners=1 owner_calls=103 event=0 main_cursor=870->934 main_epoch=0->0 phase=3
TURN call=104 quota=1 hint=4->2 work=1 owners=1 owner_calls=104 event=1 main_cursor=934->934 main_epoch=0->0 phase=3
TURN call=105 quota=1 hint=2->1 work=1 owners=1 owner_calls=105 event=0 main_cursor=934->934 main_epoch=0->0 phase=3
TURN call=106 quota=1 hint=1->4 work=1 owners=1 owner_calls=106 event=0 main_cursor=934->998 main_epoch=0->0 phase=3
TURN call=107 quota=1 hint=4->3 work=1 owners=1 owner_calls=107 event=0 main_cursor=998->998 main_epoch=0->0 phase=3
TURN call=108 quota=1 hint=3->2 work=1 owners=1 owner_calls=108 event=0 main_cursor=998->998 main_epoch=0->0 phase=3
TURN call=109 quota=1 hint=2->1 work=1 owners=1 owner_calls=109 event=0 main_cursor=998->998 main_epoch=0->0 phase=3
TURN call=110 quota=1 hint=1->4 work=1 owners=1 owner_calls=110 event=0 main_cursor=998->1062 main_epoch=0->0 phase=3
TURN call=111 quota=1 hint=4->2 work=1 owners=1 owner_calls=111 event=1 main_cursor=1062->1062 main_epoch=0->0 phase=3
TURN call=112 quota=1 hint=2->1 work=1 owners=1 owner_calls=112 event=0 main_cursor=1062->1062 main_epoch=0->0 phase=3
TURN call=113 quota=1 hint=1->4 work=1 owners=1 owner_calls=113 event=0 main_cursor=1062->1126 main_epoch=0->0 phase=3
TURN call=114 quota=1 hint=4->3 work=1 owners=1 owner_calls=114 event=0 main_cursor=1126->1126 main_epoch=0->0 phase=3
TURN call=115 quota=1 hint=3->2 work=1 owners=1 owner_calls=115 event=0 main_cursor=1126->1126 main_epoch=0->0 phase=3
TURN call=116 quota=1 hint=2->1 work=1 owners=1 owner_calls=116 event=0 main_cursor=1126->1126 main_epoch=0->0 phase=3
TURN call=117 quota=1 hint=1->4 work=1 owners=1 owner_calls=117 event=0 main_cursor=1126->1190 main_epoch=0->0 phase=3
TURN call=118 quota=1 hint=4->2 work=1 owners=1 owner_calls=118 event=1 main_cursor=1190->1190 main_epoch=0->0 phase=3
TURN call=119 quota=1 hint=2->1 work=1 owners=1 owner_calls=119 event=0 main_cursor=1190->1190 main_epoch=0->0 phase=3
TURN call=120 quota=1 hint=1->4 work=1 owners=1 owner_calls=120 event=0 main_cursor=1190->1254 main_epoch=0->0 phase=3
TURN call=121 quota=1 hint=4->3 work=1 owners=1 owner_calls=121 event=0 main_cursor=1254->1254 main_epoch=0->0 phase=3
TURN call=122 quota=1 hint=3->2 work=1 owners=1 owner_calls=122 event=0 main_cursor=1254->1254 main_epoch=0->0 phase=3
TURN call=123 quota=1 hint=2->1 work=1 owners=1 owner_calls=123 event=0 main_cursor=1254->1254 main_epoch=0->0 phase=3
TURN call=124 quota=1 hint=1->4 work=1 owners=1 owner_calls=124 event=0 main_cursor=1254->1318 main_epoch=0->0 phase=3
TURN call=125 quota=1 hint=4->2 work=1 owners=1 owner_calls=125 event=1 main_cursor=1318->1318 main_epoch=0->0 phase=3
TURN call=126 quota=1 hint=2->1 work=1 owners=1 owner_calls=126 event=0 main_cursor=1318->1318 main_epoch=0->0 phase=3
TURN call=127 quota=1 hint=1->4 work=1 owners=1 owner_calls=127 event=0 main_cursor=1318->1382 main_epoch=0->0 phase=3
TURN call=128 quota=1 hint=4->3 work=1 owners=1 owner_calls=128 event=0 main_cursor=1382->1382 main_epoch=0->0 phase=3
TURN call=129 quota=1 hint=3->2 work=1 owners=1 owner_calls=129 event=0 main_cursor=1382->1382 main_epoch=0->0 phase=3
TURN call=130 quota=1 hint=2->1 work=1 owners=1 owner_calls=130 event=0 main_cursor=1382->1382 main_epoch=0->0 phase=3
TURN call=131 quota=1 hint=1->4 work=1 owners=1 owner_calls=131 event=0 main_cursor=1382->1446 main_epoch=0->0 phase=3
TURN call=132 quota=1 hint=4->2 work=1 owners=1 owner_calls=132 event=1 main_cursor=1446->1446 main_epoch=0->0 phase=3
TURN call=133 quota=1 hint=2->1 work=1 owners=1 owner_calls=133 event=0 main_cursor=1446->1446 main_epoch=0->0 phase=3
TURN call=134 quota=1 hint=1->4 work=1 owners=1 owner_calls=134 event=0 main_cursor=1446->1510 main_epoch=0->0 phase=3
TURN call=135 quota=1 hint=4->3 work=1 owners=1 owner_calls=135 event=0 main_cursor=1510->1510 main_epoch=0->0 phase=3
TURN call=136 quota=1 hint=3->2 work=1 owners=1 owner_calls=136 event=0 main_cursor=1510->1510 main_epoch=0->0 phase=3
TURN call=137 quota=1 hint=2->1 work=1 owners=1 owner_calls=137 event=0 main_cursor=1510->1510 main_epoch=0->0 phase=3
TURN call=138 quota=1 hint=1->4 work=1 owners=1 owner_calls=138 event=0 main_cursor=1510->1574 main_epoch=0->0 phase=3
TURN call=139 quota=1 hint=4->2 work=1 owners=1 owner_calls=139 event=1 main_cursor=1574->1574 main_epoch=0->0 phase=3
TURN call=140 quota=1 hint=2->1 work=1 owners=1 owner_calls=140 event=0 main_cursor=1574->1574 main_epoch=0->0 phase=3
TURN call=141 quota=1 hint=1->4 work=1 owners=1 owner_calls=141 event=0 main_cursor=1574->1638 main_epoch=0->0 phase=3
TURN call=142 quota=1 hint=4->3 work=1 owners=1 owner_calls=142 event=0 main_cursor=1638->1638 main_epoch=0->0 phase=3
TURN call=143 quota=1 hint=3->2 work=1 owners=1 owner_calls=143 event=0 main_cursor=1638->1638 main_epoch=0->0 phase=3
TURN call=144 quota=1 hint=2->1 work=1 owners=1 owner_calls=144 event=0 main_cursor=1638->1638 main_epoch=0->0 phase=3
TURN call=145 quota=1 hint=1->4 work=1 owners=1 owner_calls=145 event=0 main_cursor=1638->1702 main_epoch=0->0 phase=3
TURN call=146 quota=1 hint=4->2 work=1 owners=1 owner_calls=146 event=1 main_cursor=1702->1702 main_epoch=0->0 phase=3
TURN call=147 quota=1 hint=2->1 work=1 owners=1 owner_calls=147 event=0 main_cursor=1702->1702 main_epoch=0->0 phase=3
TURN call=148 quota=1 hint=1->4 work=1 owners=1 owner_calls=148 event=0 main_cursor=1702->1766 main_epoch=0->0 phase=3
TURN call=149 quota=1 hint=4->3 work=1 owners=1 owner_calls=149 event=0 main_cursor=1766->1766 main_epoch=0->0 phase=3
TURN call=150 quota=1 hint=3->2 work=1 owners=1 owner_calls=150 event=0 main_cursor=1766->1766 main_epoch=0->0 phase=3
TURN call=151 quota=1 hint=2->1 work=1 owners=1 owner_calls=151 event=0 main_cursor=1766->1766 main_epoch=0->0 phase=3
TURN call=152 quota=1 hint=1->4 work=1 owners=1 owner_calls=152 event=0 main_cursor=1766->1830 main_epoch=0->0 phase=3
TURN call=153 quota=1 hint=4->2 work=1 owners=1 owner_calls=153 event=1 main_cursor=1830->1830 main_epoch=0->0 phase=3
TURN call=154 quota=1 hint=2->1 work=1 owners=1 owner_calls=154 event=0 main_cursor=1830->1830 main_epoch=0->0 phase=3
TURN call=155 quota=1 hint=1->4 work=1 owners=1 owner_calls=155 event=0 main_cursor=1830->1894 main_epoch=0->0 phase=3
TURN call=156 quota=1 hint=4->3 work=1 owners=1 owner_calls=156 event=0 main_cursor=1894->1894 main_epoch=0->0 phase=3
TURN call=157 quota=1 hint=3->2 work=1 owners=1 owner_calls=157 event=0 main_cursor=1894->1894 main_epoch=0->0 phase=3
TURN call=158 quota=1 hint=2->1 work=1 owners=1 owner_calls=158 event=0 main_cursor=1894->1894 main_epoch=0->0 phase=3
TURN call=159 quota=1 hint=1->4 work=1 owners=1 owner_calls=159 event=0 main_cursor=1894->1958 main_epoch=0->0 phase=3
TURN call=160 quota=1 hint=4->2 work=1 owners=1 owner_calls=160 event=1 main_cursor=1958->1958 main_epoch=0->0 phase=3
TURN call=161 quota=1 hint=2->1 work=1 owners=1 owner_calls=161 event=0 main_cursor=1958->1958 main_epoch=0->0 phase=3
TURN call=162 quota=1 hint=1->4 work=1 owners=1 owner_calls=162 event=0 main_cursor=1958->2022 main_epoch=0->0 phase=3
TURN call=163 quota=1 hint=4->3 work=1 owners=1 owner_calls=163 event=0 main_cursor=2022->2022 main_epoch=0->0 phase=3
TURN call=164 quota=1 hint=3->2 work=1 owners=1 owner_calls=164 event=0 main_cursor=2022->2022 main_epoch=0->0 phase=3
TURN call=165 quota=1 hint=2->1 work=1 owners=1 owner_calls=165 event=0 main_cursor=2022->2022 main_epoch=0->0 phase=3
TURN call=166 quota=1 hint=1->4 work=1 owners=1 owner_calls=166 event=0 main_cursor=2022->2086 main_epoch=0->0 phase=3
TURN call=167 quota=1 hint=4->1 work=1 owners=1 owner_calls=167 event=1 main_cursor=2086->2086 main_epoch=0->0 phase=3
TURN call=168 quota=1 hint=1->4 work=1 owners=1 owner_calls=168 event=0 main_cursor=2086->2150 main_epoch=0->0 phase=3
TURN call=169 quota=1 hint=4->3 work=1 owners=1 owner_calls=169 event=0 main_cursor=2150->2150 main_epoch=0->0 phase=3
TURN call=170 quota=1 hint=3->2 work=1 owners=1 owner_calls=170 event=0 main_cursor=2150->2150 main_epoch=0->0 phase=3
TURN call=171 quota=1 hint=2->1 work=1 owners=1 owner_calls=171 event=0 main_cursor=2150->2150 main_epoch=0->0 phase=3
TURN call=172 quota=1 hint=1->4 work=1 owners=1 owner_calls=172 event=0 main_cursor=2150->2214 main_epoch=0->0 phase=3
TURN call=173 quota=1 hint=4->1 work=1 owners=1 owner_calls=173 event=1 main_cursor=2214->2214 main_epoch=0->0 phase=3
TURN call=174 quota=1 hint=1->4 work=1 owners=1 owner_calls=174 event=0 main_cursor=2214->2429 main_epoch=0->0 phase=3
TURN call=175 quota=1 hint=4->3 work=1 owners=1 owner_calls=175 event=0 main_cursor=2429->2429 main_epoch=0->0 phase=3
TURN call=176 quota=1 hint=3->2 work=1 owners=1 owner_calls=176 event=0 main_cursor=2429->2429 main_epoch=0->0 phase=3
TURN call=177 quota=1 hint=2->1 work=1 owners=1 owner_calls=177 event=0 main_cursor=2429->2429 main_epoch=0->0 phase=3
TURN call=178 quota=1 hint=1->4 work=1 owners=1 owner_calls=178 event=0 main_cursor=2429->616 main_epoch=0->1 phase=3
HELD count=3 quota=1 workers=0 ns=289752 events=25 parks=0 runs=178 eligible_done=1 first_done_call=178 first_done_owner_call=178 eligible_turns=52 first_turn=2 max_gap=4 fairness=1 reset=0,3,25 hint=4 detach_saved=4
STATE held-blocker phase=3 cycle=1 deferred=26 owner_runs=184 arenas=1 ptr=0x7f8b2f810000 cell=4093 block=1 root=1 life=2 ready=0 mark=1 flags=25 cursor=3944 late=0 retire=37 quarantine=0x7f8b2f810000 owned=(nil)
STATE held-blocker phase=3 cycle=1 deferred=26 owner_runs=184 arenas=1 ptr=0x7f8b2ee90000 cell=4093 block=1 root=1 life=2 ready=0 mark=1 flags=25 cursor=4042 late=0 retire=37 quarantine=0x7f8b2ee90000 owned=(nil)
STATE held-blocker phase=3 cycle=1 deferred=26 owner_runs=184 arenas=1 ptr=0x7f8b2e510000 cell=4093 block=1 root=1 life=2 ready=0 mark=1 flags=25 cursor=4042 late=0 retire=37 quarantine=0x7f8b2e510000 owned=(nil)
DETACHED saved=4 hint=4 reclaimed=3 threads=1 present=0
RELEASED result=1 phase=0 ns=346863 hint=1 main_tid=1
t-fair-owner OK
make: Entering directory '/workspaces/lj-lockless/src'
rm -f luajit libluajit.a libluajit.so host/minilua host/buildvm lj_vm.S lj_bcdef.h lj_ffdef.h lj_libdef.h lj_recdef.h lj_folddef.h host/buildvm_arch.h luajit.h luajit_relver.txt jit/vmdef.lua *.o host/*.o *.obj *.lib *.exp *.dll *.exe *.manifest *.pdb *.ilk
make: Leaving directory '/workspaces/lj-lockless/src'
make: Entering directory '/workspaces/lj-lockless/src'
HOSTCC    host/minilua.o
HOSTCC    host/buildvm_asm.o
HOSTCC    host/buildvm_peobj.o
HOSTCC    host/buildvm_lib.o
HOSTCC    host/buildvm_fold.o
HOSTLINK  host/minilua
VERSION   luajit.h
DYNASM    host/buildvm_arch.h
CC        luajit.o
HOSTCC    host/buildvm.o
HOSTLINK  host/buildvm
BUILDVM   lj_vm.S
BUILDVM   lj_bcdef.h
BUILDVM   lj_ffdef.h
BUILDVM   lj_libdef.h
BUILDVM   lj_recdef.h
BUILDVM   lj_folddef.h
BUILDVM   jit/vmdef.lua
ASM       lj_vm.o
CC        lj_assert.o
CC        lj_gc.o
CC        lj_gc2.o
CC        lj_safepoint.o
CC        lj_err.o
CC        lj_char.o
CC        lj_bc.o
CC        lj_obj.o
CC        lj_buf.o
CC        lj_str.o
CC        lj_tab.o
CC        lj_func.o
CC        lj_udata.o
CC        lj_meta.o
CC        lj_debug.o
CC        lj_prng.o
CC        lj_state.o
CC        lj_dispatch.o
CC        lj_tg.o
CC        lj_thr.o
CC        lj_chan.o
CC        lj_arena.o
CC        lj_vmevent.o
CC        lj_vmmath.o
CC        lj_strscan.o
CC        lj_strfmt.o
CC        lj_strfmt_num.o
CC        lj_serialize.o
CC        lj_api.o
CC        lj_profile.o
CC        lj_lex.o
CC        lj_parse.o
CC        lj_bcread.o
CC        lj_bcwrite.o
CC        lj_load.o
CC        lj_ir.o
CC        lj_opt_mem.o
CC        lj_opt_fold.o
CC        lj_opt_narrow.o
CC        lj_opt_dce.o
CC        lj_opt_loop.o
CC        lj_opt_split.o
CC        lj_opt_sink.o
CC        lj_mcode.o
CC        lj_snap.o
CC        lj_record.o
CC        lj_crecord.o
CC        lj_ffrecord.o
CC        lj_asm.o
CC        lj_trace.o
CC        lj_gdbjit.o
CC        lj_ctype.o
CC        lj_cdata.o
CC        lj_cconv.o
CC        lj_ccall.o
CC        lj_ccallback.o
CC        lj_carith.o
CC        lj_clib.o
CC        lj_cparse.o
CC        lj_lib.o
CC        lj_alloc.o
CC        lib_aux.o
CC        lib_base.o
CC        lib_math.o
CC        lib_bit.o
CC        lib_string.o
CC        lib_table.o
CC        lib_io.o
CC        lib_os.o
CC        lib_package.o
CC        lib_debug.o
CC        lib_jit.o
CC        lib_ffi.o
CC        lib_buffer.o
CC        lib_threading.o
CC        lib_init.o
DYNASM    lj_vm_dyn.o
DYNCC     lj_assert_dyn.o
DYNCC     lj_gc_dyn.o
DYNCC     lj_gc2_dyn.o
DYNCC     lj_safepoint_dyn.o
DYNCC     lj_err_dyn.o
DYNCC     lj_char_dyn.o
DYNCC     lj_bc_dyn.o
DYNCC     lj_obj_dyn.o
DYNCC     lj_buf_dyn.o
DYNCC     lj_str_dyn.o
DYNCC     lj_tab_dyn.o
DYNCC     lj_func_dyn.o
DYNCC     lj_udata_dyn.o
DYNCC     lj_meta_dyn.o
DYNCC     lj_debug_dyn.o
DYNCC     lj_prng_dyn.o
DYNCC     lj_state_dyn.o
DYNCC     lj_dispatch_dyn.o
DYNCC     lj_tg_dyn.o
DYNCC     lj_thr_dyn.o
DYNCC     lj_chan_dyn.o
DYNCC     lj_arena_dyn.o
DYNCC     lj_vmevent_dyn.o
DYNCC     lj_vmmath_dyn.o
DYNCC     lj_strscan_dyn.o
DYNCC     lj_strfmt_dyn.o
DYNCC     lj_strfmt_num_dyn.o
DYNCC     lj_serialize_dyn.o
DYNCC     lj_api_dyn.o
DYNCC     lj_profile_dyn.o
DYNCC     lj_lex_dyn.o
DYNCC     lj_parse_dyn.o
DYNCC     lj_bcread_dyn.o
DYNCC     lj_bcwrite_dyn.o
DYNCC     lj_load_dyn.o
DYNCC     lj_ir_dyn.o
DYNCC     lj_opt_mem_dyn.o
DYNCC     lj_opt_fold_dyn.o
DYNCC     lj_opt_narrow_dyn.o
DYNCC     lj_opt_dce_dyn.o
DYNCC     lj_opt_loop_dyn.o
DYNCC     lj_opt_split_dyn.o
DYNCC     lj_opt_sink_dyn.o
DYNCC     lj_mcode_dyn.o
DYNCC     lj_snap_dyn.o
DYNCC     lj_record_dyn.o
DYNCC     lj_crecord_dyn.o
DYNCC     lj_ffrecord_dyn.o
DYNCC     lj_asm_dyn.o
DYNCC     lj_trace_dyn.o
DYNCC     lj_gdbjit_dyn.o
DYNCC     lj_ctype_dyn.o
DYNCC     lj_cdata_dyn.o
DYNCC     lj_cconv_dyn.o
DYNCC     lj_ccall_dyn.o
DYNCC     lj_ccallback_dyn.o
DYNCC     lj_carith_dyn.o
DYNCC     lj_clib_dyn.o
DYNCC     lj_cparse_dyn.o
DYNCC     lj_lib_dyn.o
DYNCC     lj_alloc_dyn.o
DYNCC     lib_aux_dyn.o
DYNCC     lib_base_dyn.o
DYNCC     lib_math_dyn.o
DYNCC     lib_bit_dyn.o
DYNCC     lib_string_dyn.o
DYNCC     lib_table_dyn.o
DYNCC     lib_io_dyn.o
DYNCC     lib_os_dyn.o
DYNCC     lib_package_dyn.o
DYNCC     lib_debug_dyn.o
DYNCC     lib_jit_dyn.o
DYNCC     lib_ffi_dyn.o
DYNCC     lib_buffer_dyn.o
DYNCC     lib_threading_dyn.o
DYNCC     lib_init_dyn.o
AR        libluajit.a
DYNLINK   libluajit.so
LINK      luajit
OK        Successfully built LuaJIT
make: Leaving directory '/workspaces/lj-lockless/src'
M3 constructor retention, deferral and TG fairness passed
